{"stats":{"minecraft:crafted":{"minecraft:glass":20,"minecraft:iron_chestplate":1,"minecraft:iron_axe":1,"minecraft:shield":1,"minecraft:stick":4,"minecraft:spruce_planks":28,"minecraft:air":0,"minecraft:wooden_pickaxe":1},"minecraft:custom":{"minecraft:time_since_rest":8883,"minecraft:open_chest":10,"minecraft:crouch_one_cm":38,"minecraft:interact_with_furnace":3,"minecraft:sprint_one_cm":55215,"minecraft:play_time":13058,"minecraft:walk_one_cm":26447,"minecraft:sneak_time":60,"minecraft:jump":156,"minecraft:leave_game":1,"minecraft:time_since_death":13058,"minecraft:sleep_in_bed":1,"minecraft:total_world_time":13058,"minecraft:interact_with_crafting_table":5,"minecraft:fall_one_cm":2090,"minecraft:fly_one_cm":43895},"minecraft:picked_up":{"minecraft:gravel":6,"minecraft:flint":2,"minecraft:spruce_sapling":1,"minecraft:spruce_log":8,"minecraft:carrot":26,"minecraft:cobblestone":10},"minecraft:mined":{"minecraft:carrots":8,"minecraft:gravel":8,"minecraft:stone":10,"minecraft:spruce_leaves":3,"minecraft:spruce_log":9},"minecraft:used":{"minecraft:carrot":10,"minecraft:wooden_pickaxe":18,"minecraft:spruce_log":1}},"DataVersion":3953}