{"stats":{"minecraft:crafted":{"minecraft:stone_shovel":2,"minecraft:crafting_table":2,"minecraft:spruce_planks":32,"minecraft:wooden_pickaxe":1,"minecraft:stone_axe":2,"minecraft:air":0,"minecraft:glass":20,"minecraft:iron_chestplate":1,"minecraft:shield":1,"minecraft:iron_axe":1,"minecraft:stick":8,"minecraft:white_bed":1,"minecraft:spruce_boat":1},"minecraft:custom":{"minecraft:interact_with_furnace":4,"minecraft:mob_kills":17,"minecraft:interact_with_crafting_table":13,"minecraft:time_since_death":76172,"minecraft:leave_game":2,"minecraft:sleep_in_bed":5,"minecraft:time_since_rest":11799,"minecraft:sprint_one_cm":310108,"minecraft:damage_taken":516,"minecraft:walk_one_cm":225673,"minecraft:damage_blocked_by_shield":300,"minecraft:drop":1,"minecraft:damage_dealt":2936,"minecraft:swim_one_cm":13926,"minecraft:talked_to_villager":1,"minecraft:fly_one_cm":256097,"minecraft:open_chest":12,"minecraft:crouch_one_cm":12439,"minecraft:play_time":76172,"minecraft:sneak_time":2887,"minecraft:walk_under_water_one_cm":1575,"minecraft:boat_one_cm":55784,"minecraft:jump":1044,"minecraft:walk_on_water_one_cm":3590,"minecraft:total_world_time":76172,"minecraft:fall_one_cm":20255},"minecraft:mined":{"minecraft:spruce_planks":10,"minecraft:white_bed":1,"minecraft:crafting_table":1,"minecraft:short_grass":3,"minecraft:grass_block":88,"minecraft:cobblestone":1,"minecraft:spruce_leaves":43,"minecraft:blue_bed":2,"minecraft:large_fern":3,"minecraft:carrots":8,"minecraft:birch_log":122,"minecraft:snow":89,"minecraft:spruce_log":157,"minecraft:birch_leaves":5,"minecraft:gravel":8,"minecraft:dirt":4,"minecraft:stone":10},"minecraft:picked_up":{"minecraft:birch_log":122,"minecraft:crafting_table":1,"minecraft:brown_mushroom":1,"minecraft:flint":2,"minecraft:dirt":92,"minecraft:string":4,"minecraft:blue_bed":2,"minecraft:bone":2,"minecraft:wheat_seeds":1,"minecraft:spruce_planks":10,"minecraft:birch_sapling":2,"minecraft:stick":9,"minecraft:gravel":6,"minecraft:spruce_sapling":13,"minecraft:ink_sac":2,"minecraft:white_bed":1,"minecraft:spruce_log":153,"minecraft:carrot":26,"minecraft:spider_eye":1,"minecraft:arrow":1,"minecraft:rotten_flesh":10,"minecraft:spruce_boat":1,"minecraft:black_wool":1,"minecraft:mutton":6,"minecraft:snowball":89,"minecraft:white_wool":3,"minecraft:cobblestone":11},"minecraft:broken":{"minecraft:iron_axe":1,"minecraft:stone_axe":2},"minecraft:dropped":{"minecraft:wheat_seeds":1},"minecraft:killed":{"minecraft:pig":1,"minecraft:spider":2,"minecraft:squid":3,"minecraft:sheep":1,"minecraft:skeleton":1,"minecraft:zombie":9},"minecraft:used":{"minecraft:stone_shovel":177,"minecraft:wooden_pickaxe":19,"minecraft:spruce_planks":11,"minecraft:shield":8,"minecraft:blue_bed":1,"minecraft:dirt":77,"minecraft:crafting_table":3,"minecraft:carrot":38,"minecraft:white_bed":1,"minecraft:spruce_log":112,"minecraft:spruce_boat":2,"minecraft:iron_axe":214,"minecraft:stone_axe":255,"minecraft:birch_log":4}},"DataVersion":3953}