{"stats":{"minecraft:crafted":{"minecraft:glass":20,"minecraft:stone_shovel":2,"minecraft:iron_chestplate":1,"minecraft:shield":1,"minecraft:iron_axe":1,"minecraft:spruce_planks":28,"minecraft:stick":8,"minecraft:wooden_pickaxe":1,"minecraft:air":0},"minecraft:custom":{"minecraft:time_since_rest":11819,"minecraft:interact_with_furnace":3,"minecraft:sprint_one_cm":130464,"minecraft:damage_taken":151,"minecraft:walk_one_cm":90304,"minecraft:damage_blocked_by_shield":60,"minecraft:mob_kills":8,"minecraft:damage_dealt":1423,"minecraft:interact_with_crafting_table":7,"minecraft:fly_one_cm":110000,"minecraft:open_chest":11,"minecraft:crouch_one_cm":2657,"minecraft:play_time":31058,"minecraft:sneak_time":558,"minecraft:jump":381,"minecraft:leave_game":1,"minecraft:time_since_death":31058,"minecraft:sleep_in_bed":2,"minecraft:total_world_time":31058,"minecraft:fall_one_cm":6806},"minecraft:picked_up":{"minecraft:stick":4,"minecraft:brown_mushroom":1,"minecraft:gravel":6,"minecraft:flint":2,"minecraft:spruce_sapling":6,"minecraft:carrot":26,"minecraft:spruce_log":93,"minecraft:spider_eye":1,"minecraft:string":4,"minecraft:dirt":70,"minecraft:rotten_flesh":2,"minecraft:wheat_seeds":1,"minecraft:black_wool":1,"minecraft:mutton":5,"minecraft:snowball":13,"minecraft:white_wool":2,"minecraft:cobblestone":10},"minecraft:mined":{"minecraft:large_fern":1,"minecraft:carrots":8,"minecraft:snow":13,"minecraft:spruce_log":95,"minecraft:grass_block":68,"minecraft:gravel":8,"minecraft:dirt":2,"minecraft:spruce_leaves":31,"minecraft:stone":10},"minecraft:killed":{"minecraft:zombie":5,"minecraft:pig":1,"minecraft:spider":2},"minecraft:used":{"minecraft:iron_axe":138,"minecraft:stone_shovel":81,"minecraft:shield":2,"minecraft:wooden_pickaxe":18,"minecraft:dirt":69,"minecraft:carrot":18,"minecraft:spruce_log":2}},"DataVersion":3953}