{"stats":{"minecraft:crafted":{"minecraft:glass":20,"minecraft:stone_shovel":2,"minecraft:iron_chestplate":1,"minecraft:shield":1,"minecraft:iron_axe":1,"minecraft:spruce_planks":28,"minecraft:stick":8,"minecraft:wooden_pickaxe":1,"minecraft:stone_axe":1,"minecraft:air":0},"minecraft:custom":{"minecraft:time_since_rest":7397,"minecraft:interact_with_furnace":3,"minecraft:sprint_one_cm":180990,"minecraft:damage_taken":277,"minecraft:walk_one_cm":183351,"minecraft:damage_blocked_by_shield":60,"minecraft:mob_kills":12,"minecraft:damage_dealt":2227,"minecraft:talked_to_villager":1,"minecraft:interact_with_crafting_table":9,"minecraft:fly_one_cm":138563,"minecraft:open_chest":11,"minecraft:crouch_one_cm":12259,"minecraft:play_time":55058,"minecraft:sneak_time":2773,"minecraft:jump":575,"minecraft:leave_game":1,"minecraft:time_since_death":55058,"minecraft:sleep_in_bed":4,"minecraft:total_world_time":55058,"minecraft:fall_one_cm":10571},"minecraft:picked_up":{"minecraft:stick":5,"minecraft:brown_mushroom":1,"minecraft:gravel":6,"minecraft:flint":2,"minecraft:spruce_sapling":9,"minecraft:carrot":26,"minecraft:spruce_log":128,"minecraft:blue_bed":1,"minecraft:spider_eye":1,"minecraft:string":4,"minecraft:dirt":89,"minecraft:rotten_flesh":8,"minecraft:wheat_seeds":1,"minecraft:spruce_planks":10,"minecraft:black_wool":1,"minecraft:mutton":5,"minecraft:snowball":89,"minecraft:white_wool":2,"minecraft:cobblestone":10},"minecraft:mined":{"minecraft:large_fern":1,"minecraft:spruce_planks":10,"minecraft:carrots":8,"minecraft:snow":89,"minecraft:spruce_log":132,"minecraft:grass_block":87,"minecraft:gravel":8,"minecraft:dirt":2,"minecraft:spruce_leaves":42,"minecraft:stone":10,"minecraft:blue_bed":1},"minecraft:broken":{"minecraft:iron_axe":1},"minecraft:killed":{"minecraft:zombie":9,"minecraft:pig":1,"minecraft:spider":2},"minecraft:used":{"minecraft:iron_axe":214,"minecraft:stone_shovel":176,"minecraft:spruce_planks":10,"minecraft:shield":2,"minecraft:wooden_pickaxe":18,"minecraft:blue_bed":1,"minecraft:stone_axe":85,"minecraft:dirt":69,"minecraft:carrot":25,"minecraft:spruce_log":112}},"DataVersion":3953}