{"stats":{"minecraft:crafted":{"minecraft:glass":20,"minecraft:stone_shovel":2,"minecraft:iron_chestplate":1,"minecraft:shield":1,"minecraft:iron_axe":1,"minecraft:spruce_planks":28,"minecraft:stick":8,"minecraft:wooden_pickaxe":1,"minecraft:air":0},"minecraft:custom":{"minecraft:time_since_rest":8777,"minecraft:interact_with_furnace":3,"minecraft:sprint_one_cm":157542,"minecraft:damage_taken":227,"minecraft:walk_one_cm":137282,"minecraft:damage_blocked_by_shield":60,"minecraft:mob_kills":12,"minecraft:damage_dealt":2227,"minecraft:interact_with_crafting_table":8,"minecraft:fly_one_cm":123769,"minecraft:open_chest":11,"minecraft:crouch_one_cm":5852,"minecraft:play_time":43058,"minecraft:sneak_time":1310,"minecraft:jump":453,"minecraft:leave_game":1,"minecraft:time_since_death":43058,"minecraft:sleep_in_bed":3,"minecraft:total_world_time":43058,"minecraft:fall_one_cm":7551},"minecraft:picked_up":{"minecraft:stick":5,"minecraft:brown_mushroom":1,"minecraft:gravel":6,"minecraft:flint":2,"minecraft:spruce_sapling":9,"minecraft:carrot":26,"minecraft:spruce_log":103,"minecraft:blue_bed":1,"minecraft:spider_eye":1,"minecraft:string":4,"minecraft:dirt":89,"minecraft:rotten_flesh":8,"minecraft:wheat_seeds":1,"minecraft:spruce_planks":10,"minecraft:black_wool":1,"minecraft:mutton":5,"minecraft:snowball":13,"minecraft:white_wool":2,"minecraft:cobblestone":10},"minecraft:mined":{"minecraft:large_fern":1,"minecraft:spruce_planks":10,"minecraft:carrots":8,"minecraft:snow":13,"minecraft:spruce_log":105,"minecraft:grass_block":87,"minecraft:gravel":8,"minecraft:dirt":2,"minecraft:spruce_leaves":42,"minecraft:stone":10,"minecraft:blue_bed":1},"minecraft:killed":{"minecraft:zombie":9,"minecraft:pig":1,"minecraft:spider":2},"minecraft:used":{"minecraft:iron_axe":205,"minecraft:stone_shovel":100,"minecraft:spruce_planks":10,"minecraft:shield":2,"minecraft:wooden_pickaxe":18,"minecraft:dirt":69,"minecraft:carrot":20,"minecraft:spruce_log":39}},"DataVersion":3953}