{"stats":{"minecraft:killed_by":{"minecraft:drowned":1},"minecraft:broken":{"minecraft:wooden_axe":1},"minecraft:used":{"minecraft:cooked_mutton":7,"minecraft:stone_pickaxe":95,"minecraft:oak_planks":3,"minecraft:wooden_pickaxe":9,"minecraft:crafting_table":7,"minecraft:white_bed":9,"minecraft:spruce_boat":4,"minecraft:wooden_axe":104,"minecraft:furnace":1,"minecraft:cooked_beef":3,"minecraft:birch_stairs":2},"minecraft:custom":{"minecraft:interact_with_furnace":8,"minecraft:mob_kills":11,"minecraft:interact_with_crafting_table":8,"minecraft:leave_game":2,"minecraft:time_since_death":1619,"minecraft:sleep_in_bed":9,"minecraft:climb_one_cm":27,"minecraft:time_since_rest":1738,"minecraft:sprint_one_cm":331710,"minecraft:damage_taken":575,"minecraft:walk_one_cm":102137,"minecraft:damage_dealt":1001,"minecraft:swim_one_cm":20455,"minecraft:talked_to_villager":1,"minecraft:fly_one_cm":179097,"minecraft:open_chest":11,"minecraft:crouch_one_cm":243,"minecraft:play_time":81843,"minecraft:deaths":1,"minecraft:sneak_time":174,"minecraft:walk_under_water_one_cm":1965,"minecraft:boat_one_cm":122549,"minecraft:jump":874,"minecraft:walk_on_water_one_cm":13990,"minecraft:interact_with_smoker":1,"minecraft:total_world_time":81843,"minecraft:fall_one_cm":24252},"minecraft:mined":{"minecraft:dark_oak_planks":3,"minecraft:birch_stairs":2,"minecraft:spruce_planks":2,"minecraft:white_bed":8,"minecraft:crafting_table":6,"minecraft:short_grass":1,"minecraft:grass_block":1,"minecraft:jungle_planks":1,"minecraft:tall_grass":4,"minecraft:spruce_leaves":2,"minecraft:sugar_cane":1,"minecraft:oak_planks":11,"minecraft:sandstone":33,"minecraft:smooth_stone":1,"minecraft:birch_planks":8,"minecraft:furnace":1,"minecraft:iron_ore":1,"minecraft:wheat":4,"minecraft:fire":4,"minecraft:spruce_log":19,"minecraft:pumpkin":2,"minecraft:dark_oak_stairs":1,"minecraft:oak_log":2,"minecraft:potatoes":1,"minecraft:coal_ore":33,"minecraft:oak_stairs":7,"minecraft:sand":19,"minecraft:stone":31,"minecraft:birch_fence":1},"minecraft:picked_up":{"minecraft:crafting_table":6,"minecraft:leather":3,"minecraft:oak_stairs":4,"minecraft:potato":1,"minecraft:birch_planks":7,"minecraft:oak_log":1,"minecraft:dirt":1,"minecraft:birch_fence":1,"minecraft:kelp":4,"minecraft:wheat_seeds":4,"minecraft:smooth_stone":1,"minecraft:spruce_planks":2,"minecraft:beef":6,"minecraft:sugar_cane":2,"minecraft:oak_planks":3,"minecraft:furnace":1,"minecraft:raw_iron":1,"minecraft:sandstone":26,"minecraft:pumpkin":2,"minecraft:jungle_planks":1,"minecraft:birch_stairs":2,"minecraft:sand":17,"minecraft:white_bed":8,"minecraft:spruce_log":18,"minecraft:dark_oak_planks":3,"minecraft:spruce_boat":3,"minecraft:black_wool":1,"minecraft:coal":65,"minecraft:mutton":11,"minecraft:white_wool":6,"minecraft:cobblestone":26},"minecraft:crafted":{"minecraft:cooked_beef":6,"minecraft:crafting_table":2,"minecraft:spruce_planks":48,"minecraft:wooden_pickaxe":2,"minecraft:furnace":1,"minecraft:cooked_mutton":10,"minecraft:air":0,"minecraft:stick":8,"minecraft:stone_pickaxe":1,"minecraft:wooden_axe":2,"minecraft:white_bed":2,"minecraft:spruce_boat":1},"minecraft:killed":{"minecraft:frog":1,"minecraft:sheep":7,"minecraft:cow":3}},"DataVersion":3953}