{"stats":{"minecraft:broken":{"minecraft:wooden_axe":1},"minecraft:used":{"minecraft:cooked_mutton":7,"minecraft:stone_pickaxe":39,"minecraft:wooden_pickaxe":9,"minecraft:crafting_table":7,"minecraft:white_bed":9,"minecraft:spruce_boat":3,"minecraft:wooden_axe":86,"minecraft:furnace":1,"minecraft:cooked_beef":1,"minecraft:birch_stairs":2},"minecraft:custom":{"minecraft:interact_with_furnace":8,"minecraft:mob_kills":10,"minecraft:interact_with_crafting_table":8,"minecraft:time_since_death":67433,"minecraft:sleep_in_bed":9,"minecraft:time_since_rest":256,"minecraft:sprint_one_cm":230586,"minecraft:damage_taken":230,"minecraft:walk_one_cm":87592,"minecraft:damage_dealt":901,"minecraft:swim_one_cm":13664,"minecraft:talked_to_villager":1,"minecraft:fly_one_cm":145165,"minecraft:open_chest":11,"minecraft:crouch_one_cm":171,"minecraft:play_time":67433,"minecraft:sneak_time":29,"minecraft:walk_under_water_one_cm":1678,"minecraft:boat_one_cm":93722,"minecraft:jump":673,"minecraft:walk_on_water_one_cm":9501,"minecraft:total_world_time":67433,"minecraft:interact_with_smoker":1,"minecraft:fall_one_cm":18861},"minecraft:mined":{"minecraft:dark_oak_planks":1,"minecraft:birch_stairs":2,"minecraft:spruce_planks":2,"minecraft:white_bed":7,"minecraft:crafting_table":5,"minecraft:short_grass":1,"minecraft:grass_block":1,"minecraft:tall_grass":4,"minecraft:spruce_leaves":2,"minecraft:sugar_cane":1,"minecraft:oak_planks":8,"minecraft:smooth_stone":1,"minecraft:birch_planks":7,"minecraft:furnace":1,"minecraft:iron_ore":1,"minecraft:wheat":4,"minecraft:fire":4,"minecraft:spruce_log":19,"minecraft:pumpkin":2,"minecraft:dark_oak_stairs":1,"minecraft:coal_ore":33,"minecraft:potatoes":1,"minecraft:oak_log":2,"minecraft:oak_stairs":3,"minecraft:sand":11,"minecraft:stone":12,"minecraft:birch_fence":1},"minecraft:picked_up":{"minecraft:crafting_table":5,"minecraft:leather":3,"minecraft:potato":1,"minecraft:birch_planks":5,"minecraft:oak_log":1,"minecraft:dirt":1,"minecraft:birch_fence":1,"minecraft:kelp":4,"minecraft:wheat_seeds":4,"minecraft:smooth_stone":1,"minecraft:spruce_planks":2,"minecraft:beef":6,"minecraft:sugar_cane":2,"minecraft:furnace":1,"minecraft:raw_iron":1,"minecraft:pumpkin":2,"minecraft:birch_stairs":2,"minecraft:sand":9,"minecraft:white_bed":7,"minecraft:spruce_log":18,"minecraft:dark_oak_planks":1,"minecraft:spruce_boat":2,"minecraft:black_wool":1,"minecraft:mutton":11,"minecraft:coal":65,"minecraft:white_wool":6,"minecraft:cobblestone":11},"minecraft:crafted":{"minecraft:cooked_beef":6,"minecraft:crafting_table":2,"minecraft:spruce_planks":48,"minecraft:wooden_pickaxe":2,"minecraft:furnace":1,"minecraft:cooked_mutton":10,"minecraft:air":0,"minecraft:stick":8,"minecraft:stone_pickaxe":1,"minecraft:wooden_axe":2,"minecraft:white_bed":2,"minecraft:spruce_boat":1},"minecraft:killed":{"minecraft:sheep":7,"minecraft:cow":3}},"DataVersion":3953}