{"stats":{"minecraft:used":{"minecraft:spruce_boat":1,"minecraft:cooked_mutton":6,"minecraft:wooden_axe":37,"minecraft:stone_pickaxe":37,"minecraft:wooden_pickaxe":8,"minecraft:crafting_table":5,"minecraft:white_bed":8},"minecraft:mined":{"minecraft:smooth_stone":1,"minecraft:spruce_planks":2,"minecraft:white_bed":7,"minecraft:fire":4,"minecraft:wheat":4,"minecraft:spruce_log":19,"minecraft:crafting_table":4,"minecraft:grass_block":1,"minecraft:potatoes":1,"minecraft:coal_ore":32,"minecraft:spruce_leaves":2,"minecraft:stone":12,"minecraft:sugar_cane":1},"minecraft:custom":{"minecraft:time_since_rest":1067,"minecraft:interact_with_furnace":4,"minecraft:sprint_one_cm":206519,"minecraft:damage_taken":210,"minecraft:walk_one_cm":73200,"minecraft:mob_kills":7,"minecraft:damage_dealt":621,"minecraft:swim_one_cm":5514,"minecraft:talked_to_villager":1,"minecraft:interact_with_crafting_table":6,"minecraft:fly_one_cm":126046,"minecraft:open_chest":11,"minecraft:crouch_one_cm":157,"minecraft:play_time":55433,"minecraft:sneak_time":25,"minecraft:walk_under_water_one_cm":434,"minecraft:boat_one_cm":59415,"minecraft:jump":565,"minecraft:walk_on_water_one_cm":2035,"minecraft:time_since_death":55433,"minecraft:sleep_in_bed":8,"minecraft:interact_with_smoker":1,"minecraft:total_world_time":55433,"minecraft:fall_one_cm":14168},"minecraft:picked_up":{"minecraft:crafting_table":4,"minecraft:potato":1,"minecraft:white_bed":7,"minecraft:spruce_log":18,"minecraft:dirt":1,"minecraft:kelp":4,"minecraft:spruce_boat":1,"minecraft:wheat_seeds":4,"minecraft:smooth_stone":1,"minecraft:spruce_planks":2,"minecraft:beef":1,"minecraft:sugar_cane":2,"minecraft:coal":32,"minecraft:mutton":10,"minecraft:white_wool":6,"minecraft:cobblestone":11},"minecraft:crafted":{"minecraft:crafting_table":1,"minecraft:spruce_planks":32,"minecraft:stick":8,"minecraft:wooden_pickaxe":2,"minecraft:stone_pickaxe":1,"minecraft:wooden_axe":1,"minecraft:white_bed":2,"minecraft:spruce_boat":1,"minecraft:cooked_mutton":9,"minecraft:air":0},"minecraft:killed":{"minecraft:sheep":6,"minecraft:cow":1}},"DataVersion":3953}