{"stats":{"minecraft:used":{"minecraft:cooked_mutton":2,"minecraft:wooden_axe":29,"minecraft:wooden_pickaxe":1,"minecraft:crafting_table":2,"minecraft:white_bed":3},"minecraft:mined":{"minecraft:smooth_stone":1,"minecraft:white_bed":3,"minecraft:wheat":4,"minecraft:spruce_log":19,"minecraft:crafting_table":2,"minecraft:potatoes":1,"minecraft:spruce_leaves":2},"minecraft:custom":{"minecraft:time_since_rest":347,"minecraft:interact_with_furnace":4,"minecraft:sprint_one_cm":74589,"minecraft:damage_taken":10,"minecraft:walk_one_cm":30543,"minecraft:mob_kills":6,"minecraft:damage_dealt":500,"minecraft:interact_with_crafting_table":2,"minecraft:fly_one_cm":52613,"minecraft:open_chest":5,"minecraft:crouch_one_cm":95,"minecraft:play_time":13433,"minecraft:sneak_time":16,"minecraft:walk_under_water_one_cm":382,"minecraft:jump":225,"minecraft:walk_on_water_one_cm":1054,"minecraft:time_since_death":13433,"minecraft:sleep_in_bed":1,"minecraft:total_world_time":13433,"minecraft:fall_one_cm":4480},"minecraft:picked_up":{"minecraft:crafting_table":2,"minecraft:potato":1,"minecraft:white_bed":3,"minecraft:spruce_log":18,"minecraft:wheat_seeds":4,"minecraft:smooth_stone":1,"minecraft:beef":1,"minecraft:mutton":9,"minecraft:white_wool":5},"minecraft:crafted":{"minecraft:crafting_table":1,"minecraft:spruce_planks":24,"minecraft:stick":8,"minecraft:wooden_pickaxe":2,"minecraft:wooden_axe":1,"minecraft:white_bed":1,"minecraft:cooked_mutton":9,"minecraft:air":0},"minecraft:killed":{"minecraft:sheep":5,"minecraft:cow":1}},"DataVersion":3953}