{"stats":{"minecraft:dropped":{"minecraft:stone_axe":1,"minecraft:wheat_seeds":2,"minecraft:baked_potato":8,"minecraft:stick":1,"minecraft:beetroot_seeds":19},"minecraft:broken":{"minecraft:stone_pickaxe":1,"minecraft:wooden_pickaxe":1},"minecraft:used":{"minecraft:spruce_door":1,"minecraft:stone_pickaxe":131,"minecraft:baked_potato":3,"minecraft:shield":7,"minecraft:chest":1,"minecraft:spruce_planks":14,"minecraft:wooden_pickaxe":59,"minecraft:iron_sword":53,"minecraft:blue_bed":5,"minecraft:torch":29,"minecraft:dirt":2,"minecraft:crafting_table":4,"minecraft:carrot":2,"minecraft:blast_furnace":2,"minecraft:smoker":3,"minecraft:spruce_boat":4,"minecraft:wooden_axe":9,"minecraft:diamond_pickaxe":107,"minecraft:bread":9,"minecraft:iron_pickaxe":141,"minecraft:stone_axe":23,"minecraft:cobblestone":53,"minecraft:cooked_porkchop":1,"minecraft:furnace":3,"minecraft:smithing_table":1,"minecraft:cooked_rabbit":1,"minecraft:andesite":38,"minecraft:cobbled_deepslate":102},"minecraft:custom":{"minecraft:interact_with_smithing_table":2,"minecraft:interact_with_furnace":19,"minecraft:mob_kills":13,"minecraft:interact_with_crafting_table":20,"minecraft:open_barrel":4,"minecraft:leave_game":3,"minecraft:time_since_death":92950,"minecraft:sleep_in_bed":4,"minecraft:time_since_rest":6321,"minecraft:sprint_one_cm":248503,"minecraft:damage_taken":517,"minecraft:walk_one_cm":285312,"minecraft:damage_blocked_by_shield":388,"minecraft:drop":12,"minecraft:damage_dealt":2381,"minecraft:talked_to_villager":13,"minecraft:fly_one_cm":204045,"minecraft:open_chest":17,"minecraft:crouch_one_cm":2869,"minecraft:play_time":92950,"minecraft:sneak_time":1007,"minecraft:walk_under_water_one_cm":331,"minecraft:boat_one_cm":3367,"minecraft:jump":1329,"minecraft:interact_with_blast_furnace":7,"minecraft:walk_on_water_one_cm":1158,"minecraft:interact_with_smoker":12,"minecraft:total_world_time":92950,"minecraft:fall_one_cm":28105},"minecraft:mined":{"minecraft:smithing_table":2,"minecraft:tuff":4,"minecraft:spruce_planks":3,"minecraft:deepslate_diamond_ore":4,"minecraft:smoker":4,"minecraft:crafting_table":2,"minecraft:granite":13,"minecraft:blast_furnace":3,"minecraft:grass_block":8,"minecraft:spruce_fence":1,"minecraft:poppy":1,"minecraft:copper_ore":1,"minecraft:cobblestone":15,"minecraft:spruce_leaves":2,"minecraft:lapis_ore":2,"minecraft:wall_torch":1,"minecraft:blue_bed":6,"minecraft:furnace":3,"minecraft:cobbled_deepslate":20,"minecraft:iron_ore":31,"minecraft:wheat":2,"minecraft:spruce_log":21,"minecraft:andesite":64,"minecraft:stripped_spruce_log":2,"minecraft:pumpkin":3,"minecraft:potatoes":2,"minecraft:coal_ore":28,"minecraft:lantern":11,"minecraft:gravel":4,"minecraft:dirt":1,"minecraft:cobweb":8,"minecraft:stone":134,"minecraft:deepslate":91},"minecraft:picked_up":{"minecraft:crafting_table":3,"minecraft:andesite":38,"minecraft:smithing_table":2,"minecraft:smoker":4,"minecraft:potato":1,"minecraft:tuff":4,"minecraft:string":8,"minecraft:lapis_lazuli":15,"minecraft:blue_bed":6,"minecraft:dirt":15,"minecraft:lantern":11,"minecraft:wheat_seeds":2,"minecraft:cobbled_deepslate":110,"minecraft:spruce_planks":3,"minecraft:poppy":2,"minecraft:rabbit":1,"minecraft:furnace":3,"minecraft:raw_iron":31,"minecraft:pumpkin":3,"minecraft:torch":1,"minecraft:porkchop":2,"minecraft:gravel":4,"minecraft:spruce_fence":1,"minecraft:stripped_spruce_log":2,"minecraft:blast_furnace":3,"minecraft:carrot":2,"minecraft:spruce_log":21,"minecraft:spruce_boat":3,"minecraft:rotten_flesh":10,"minecraft:diamond":5,"minecraft:stone_axe":1,"minecraft:granite":13,"minecraft:coal":35,"minecraft:cobblestone":148},"minecraft:crafted":{"minecraft:cooked_porkchop":2,"minecraft:crafting_table":2,"minecraft:spruce_planks":84,"minecraft:baked_potato":11,"minecraft:wooden_pickaxe":1,"minecraft:iron_sword":1,"minecraft:spruce_door":3,"minecraft:furnace":2,"minecraft:stone_axe":1,"minecraft:iron_boots":1,"minecraft:iron_chestplate":1,"minecraft:diamond_pickaxe":1,"minecraft:shield":1,"minecraft:stick":32,"minecraft:iron_ingot":31,"minecraft:iron_pickaxe":2,"minecraft:stone_pickaxe":1,"minecraft:wooden_axe":1,"minecraft:chest":1,"minecraft:iron_leggings":1,"minecraft:spruce_boat":1,"minecraft:torch":64,"minecraft:cooked_rabbit":1},"minecraft:killed":{"minecraft:pig":2,"minecraft:rabbit":1,"minecraft:zombie":9}},"DataVersion":3953}