{"stats":{"minecraft:broken":{"minecraft:stone_pickaxe":1,"minecraft:wooden_pickaxe":1},"minecraft:used":{"minecraft:wooden_axe":9,"minecraft:stone_pickaxe":131,"minecraft:iron_pickaxe":94,"minecraft:spruce_planks":14,"minecraft:wooden_pickaxe":59,"minecraft:torch":14,"minecraft:cobblestone":11,"minecraft:crafting_table":2,"minecraft:furnace":1,"minecraft:andesite":18},"minecraft:mined":{"minecraft:tuff":2,"minecraft:deepslate_diamond_ore":4,"minecraft:iron_ore":18,"minecraft:spruce_log":14,"minecraft:andesite":37,"minecraft:crafting_table":1,"minecraft:granite":13,"minecraft:coal_ore":28,"minecraft:grass_block":1,"minecraft:gravel":4,"minecraft:cobblestone":2,"minecraft:stone":128,"minecraft:deepslate":52},"minecraft:custom":{"minecraft:time_since_rest":19430,"minecraft:sprint_one_cm":15150,"minecraft:interact_with_furnace":5,"minecraft:damage_taken":20,"minecraft:walk_one_cm":38898,"minecraft:mob_kills":1,"minecraft:damage_dealt":30,"minecraft:interact_with_crafting_table":7,"minecraft:fly_one_cm":6480,"minecraft:crouch_one_cm":525,"minecraft:play_time":19430,"minecraft:sneak_time":401,"minecraft:jump":99,"minecraft:leave_game":2,"minecraft:time_since_death":19430,"minecraft:total_world_time":19430,"minecraft:fall_one_cm":1560},"minecraft:picked_up":{"minecraft:crafting_table":1,"minecraft:raw_iron":18,"minecraft:andesite":37,"minecraft:gravel":4,"minecraft:tuff":2,"minecraft:spruce_log":14,"minecraft:dirt":1,"minecraft:diamond":4,"minecraft:cobbled_deepslate":51,"minecraft:granite":13,"minecraft:rabbit":1,"minecraft:coal":28,"minecraft:cobblestone":126},"minecraft:crafted":{"minecraft:crafting_table":1,"minecraft:spruce_planks":56,"minecraft:stick":16,"minecraft:iron_pickaxe":2,"minecraft:iron_ingot":6,"minecraft:wooden_pickaxe":1,"minecraft:stone_pickaxe":1,"minecraft:wooden_axe":1,"minecraft:furnace":1,"minecraft:torch":16,"minecraft:stone_axe":1,"minecraft:cooked_rabbit":1},"minecraft:killed":{"minecraft:rabbit":1}},"DataVersion":3953}