{"stats":{"minecraft:dropped":{"minecraft:stone_axe":1,"minecraft:wheat_seeds":2,"minecraft:baked_potato":8},"minecraft:broken":{"minecraft:stone_pickaxe":1,"minecraft:wooden_pickaxe":1},"minecraft:used":{"minecraft:stone_pickaxe":131,"minecraft:baked_potato":1,"minecraft:spruce_planks":14,"minecraft:wooden_pickaxe":59,"minecraft:iron_sword":34,"minecraft:blue_bed":2,"minecraft:torch":16,"minecraft:dirt":2,"minecraft:crafting_table":3,"minecraft:smoker":1,"minecraft:wooden_axe":9,"minecraft:diamond_pickaxe":61,"minecraft:bread":8,"minecraft:iron_pickaxe":129,"minecraft:stone_axe":8,"minecraft:cobblestone":15,"minecraft:furnace":1,"minecraft:cooked_rabbit":1,"minecraft:andesite":38},"minecraft:custom":{"minecraft:interact_with_smithing_table":1,"minecraft:interact_with_furnace":19,"minecraft:mob_kills":9,"minecraft:interact_with_crafting_table":14,"minecraft:leave_game":3,"minecraft:time_since_death":56950,"minecraft:sleep_in_bed":1,"minecraft:time_since_rest":11531,"minecraft:sprint_one_cm":181235,"minecraft:damage_taken":202,"minecraft:walk_one_cm":166343,"minecraft:drop":10,"minecraft:damage_dealt":1433,"minecraft:talked_to_villager":3,"minecraft:fly_one_cm":138727,"minecraft:open_chest":10,"minecraft:crouch_one_cm":723,"minecraft:play_time":56950,"minecraft:sneak_time":456,"minecraft:jump":863,"minecraft:walk_on_water_one_cm":449,"minecraft:interact_with_smoker":8,"minecraft:total_world_time":56950,"minecraft:fall_one_cm":16194},"minecraft:mined":{"minecraft:smithing_table":1,"minecraft:tuff":4,"minecraft:deepslate_diamond_ore":4,"minecraft:smoker":2,"minecraft:crafting_table":2,"minecraft:granite":13,"minecraft:blast_furnace":1,"minecraft:grass_block":3,"minecraft:spruce_fence":1,"minecraft:poppy":1,"minecraft:copper_ore":1,"minecraft:cobblestone":4,"minecraft:spruce_leaves":2,"minecraft:lapis_ore":2,"minecraft:blue_bed":3,"minecraft:furnace":1,"minecraft:iron_ore":20,"minecraft:wheat":2,"minecraft:spruce_log":14,"minecraft:andesite":64,"minecraft:coal_ore":28,"minecraft:lantern":11,"minecraft:gravel":4,"minecraft:cobweb":8,"minecraft:stone":129,"minecraft:deepslate":91},"minecraft:picked_up":{"minecraft:crafting_table":2,"minecraft:andesite":38,"minecraft:smithing_table":1,"minecraft:smoker":2,"minecraft:tuff":4,"minecraft:string":8,"minecraft:lapis_lazuli":15,"minecraft:blue_bed":3,"minecraft:dirt":2,"minecraft:lantern":11,"minecraft:wheat_seeds":2,"minecraft:cobbled_deepslate":90,"minecraft:poppy":1,"minecraft:rabbit":1,"minecraft:furnace":1,"minecraft:raw_iron":20,"minecraft:porkchop":2,"minecraft:gravel":4,"minecraft:spruce_fence":1,"minecraft:blast_furnace":1,"minecraft:spruce_log":14,"minecraft:rotten_flesh":2,"minecraft:diamond":4,"minecraft:stone_axe":1,"minecraft:granite":13,"minecraft:coal":28,"minecraft:cobblestone":131},"minecraft:crafted":{"minecraft:crafting_table":2,"minecraft:spruce_planks":56,"minecraft:baked_potato":11,"minecraft:wooden_pickaxe":1,"minecraft:iron_sword":1,"minecraft:furnace":2,"minecraft:stone_axe":1,"minecraft:iron_boots":1,"minecraft:iron_chestplate":1,"minecraft:diamond_pickaxe":1,"minecraft:shield":1,"minecraft:stick":20,"minecraft:iron_ingot":20,"minecraft:iron_pickaxe":2,"minecraft:stone_pickaxe":1,"minecraft:wooden_axe":1,"minecraft:torch":16,"minecraft:cooked_rabbit":1},"minecraft:killed":{"minecraft:pig":2,"minecraft:rabbit":1,"minecraft:zombie":6}},"DataVersion":3953}