{"stats":{"minecraft:dropped":{"minecraft:iron_ingot":4,"minecraft:wheat_seeds":2,"minecraft:baked_potato":8,"minecraft:granite":19,"minecraft:stick":18,"minecraft:cobblestone_stairs":5,"minecraft:dirt":30,"minecraft:diorite":27,"minecraft:phantom_membrane":1,"minecraft:gravel":10,"minecraft:stone_axe":1,"minecraft:tuff":6,"minecraft:composter":1,"minecraft:spruce_trapdoor":2,"minecraft:beetroot_seeds":19,"minecraft:spruce_log":26},"minecraft:broken":{"minecraft:wooden_pickaxe":1,"minecraft:stone_pickaxe":1},"minecraft:used":{"minecraft:ladder":3,"minecraft:spruce_planks":14,"minecraft:chest":1,"minecraft:shield":8,"minecraft:iron_sword":60,"minecraft:torch":46,"minecraft:dirt":5,"minecraft:carrot":2,"minecraft:spruce_boat":7,"minecraft:wooden_axe":9,"minecraft:iron_axe":14,"minecraft:lantern":12,"minecraft:barrel":1,"minecraft:furnace":4,"minecraft:cobbled_deepslate":166,"minecraft:cobblestone_stairs":12,"minecraft:spruce_door":3,"minecraft:cartography_table":1,"minecraft:stone_pickaxe":131,"minecraft:baked_potato":7,"minecraft:wooden_pickaxe":59,"minecraft:blue_bed":12,"minecraft:crafting_table":5,"minecraft:blast_furnace":6,"minecraft:white_bed":1,"minecraft:spruce_log":29,"minecraft:smoker":6,"minecraft:diamond_pickaxe":199,"minecraft:bread":9,"minecraft:iron_pickaxe":143,"minecraft:spruce_trapdoor":1,"minecraft:stone_axe":119,"minecraft:fishing_rod":18,"minecraft:cobblestone":158,"minecraft:cooked_porkchop":2,"minecraft:smithing_table":4,"minecraft:cooked_rabbit":1,"minecraft:andesite":38},"minecraft:mined":{"minecraft:tuff":4,"minecraft:spruce_planks":3,"minecraft:white_bed":1,"minecraft:deepslate_diamond_ore":4,"minecraft:cobblestone_stairs":1,"minecraft:ladder":2,"minecraft:granite":13,"minecraft:grass_block":33,"minecraft:spruce_fence":1,"minecraft:spruce_leaves":9,"minecraft:cartography_table":1,"minecraft:furnace":3,"minecraft:iron_ore":31,"minecraft:cobbled_deepslate":52,"minecraft:barrel":1,"minecraft:andesite":64,"minecraft:stripped_spruce_log":3,"minecraft:pumpkin":3,"minecraft:potatoes":2,"minecraft:lantern":12,"minecraft:stone":140,"minecraft:smithing_table":4,"minecraft:brown_mushroom":1,"minecraft:smoker":6,"minecraft:crafting_table":2,"minecraft:torch":1,"minecraft:short_grass":1,"minecraft:blast_furnace":6,"minecraft:poppy":1,"minecraft:copper_ore":1,"minecraft:cobblestone":51,"minecraft:lapis_ore":2,"minecraft:sugar_cane":1,"minecraft:blue_bed":13,"minecraft:wall_torch":8,"minecraft:wheat":2,"minecraft:ice":1,"minecraft:spruce_log":107,"minecraft:coal_ore":28,"minecraft:gravel":4,"minecraft:sand":20,"minecraft:dirt":9,"minecraft:cobweb":8,"minecraft:deepslate":91},"minecraft:custom":{"minecraft:interact_with_smithing_table":4,"minecraft:mob_kills":14,"minecraft:interact_with_crafting_table":28,"minecraft:open_barrel":10,"minecraft:leave_game":4,"minecraft:time_since_death":158301,"minecraft:climb_one_cm":897,"minecraft:sprint_one_cm":358053,"minecraft:walk_one_cm":463936,"minecraft:damage_blocked_by_shield":612,"minecraft:drop":28,"minecraft:talked_to_villager":36,"minecraft:play_time":158301,"minecraft:sneak_time":2274,"minecraft:walk_under_water_one_cm":331,"minecraft:boat_one_cm":19791,"minecraft:jump":1821,"minecraft:interact_with_blast_furnace":8,"minecraft:walk_on_water_one_cm":1256,"minecraft:total_world_time":158301,"minecraft:interact_with_furnace":22,"minecraft:interact_with_cartography_table":1,"minecraft:sleep_in_bed":12,"minecraft:time_since_rest":374,"minecraft:damage_taken":557,"minecraft:damage_dealt":2757,"minecraft:fly_one_cm":279613,"minecraft:open_chest":29,"minecraft:crouch_one_cm":5899,"minecraft:interact_with_smoker":15,"minecraft:fish_caught":8,"minecraft:fall_one_cm":38651},"minecraft:picked_up":{"minecraft:crafting_table":4,"minecraft:brown_mushroom":1,"minecraft:smithing_table":4,"minecraft:string":8,"minecraft:compass":1,"minecraft:cartography_table":1,"minecraft:cobbled_deepslate":190,"minecraft:spruce_planks":17,"minecraft:poppy":2,"minecraft:sugar_cane":4,"minecraft:spruce_trapdoor":3,"minecraft:phantom_membrane":1,"minecraft:furnace":3,"minecraft:stick":17,"minecraft:raw_iron":31,"minecraft:composter":2,"minecraft:torch":8,"minecraft:bowl":1,"minecraft:spruce_fence":1,"minecraft:porkchop":2,"minecraft:diorite":54,"minecraft:carrot":5,"minecraft:redstone":5,"minecraft:tnt":1,"minecraft:arrow":11,"minecraft:rotten_flesh":10,"minecraft:tropical_fish":1,"minecraft:cod":6,"minecraft:snowball":20,"minecraft:cobblestone":245,"minecraft:salmon":1,"minecraft:andesite":44,"minecraft:leather":2,"minecraft:smoker":6,"minecraft:potato":5,"minecraft:flint":1,"minecraft:tuff":16,"minecraft:cobblestone_stairs":6,"minecraft:dirt":46,"minecraft:lapis_lazuli":15,"minecraft:blue_bed":12,"minecraft:lantern":12,"minecraft:bone":1,"minecraft:wheat_seeds":2,"minecraft:iron_ingot":5,"minecraft:rabbit":1,"minecraft:pumpkin":3,"minecraft:sand":20,"minecraft:gravel":24,"minecraft:stripped_spruce_log":3,"minecraft:spruce_sapling":5,"minecraft:blast_furnace":6,"minecraft:white_bed":1,"minecraft:spruce_log":155,"minecraft:barrel":1,"minecraft:diamond":5,"minecraft:stone_axe":1,"minecraft:spruce_boat":7,"minecraft:granite":51,"minecraft:baked_potato":2,"minecraft:coal":35},"minecraft:crafted":{"minecraft:fishing_rod":1,"minecraft:furnace":3,"minecraft:cobblestone_stairs":16,"minecraft:iron_boots":1,"minecraft:iron_axe":1,"minecraft:ladder":3,"minecraft:stone_pickaxe":1,"minecraft:chest":1,"minecraft:spruce_boat":1,"minecraft:cooked_rabbit":1,"minecraft:cooked_porkchop":2,"minecraft:crafting_table":3,"minecraft:spruce_planks":84,"minecraft:iron_helmet":1,"minecraft:wooden_pickaxe":1,"minecraft:baked_potato":16,"minecraft:iron_sword":1,"minecraft:spruce_door":3,"minecraft:stone_axe":1,"minecraft:air":0,"minecraft:spruce_trapdoor":2,"minecraft:iron_chestplate":1,"minecraft:diamond_pickaxe":1,"minecraft:shield":1,"minecraft:stick":60,"minecraft:iron_ingot":78,"minecraft:iron_pickaxe":2,"minecraft:wooden_axe":1,"minecraft:iron_leggings":1,"minecraft:torch":64},"minecraft:killed":{"minecraft:pig":2,"minecraft:rabbit":1,"minecraft:zombie":9}},"DataVersion":3953}