{"stats":{"minecraft:broken":{"minecraft:stone_pickaxe":1,"minecraft:wooden_pickaxe":1},"minecraft:used":{"minecraft:stone_pickaxe":131,"minecraft:spruce_planks":14,"minecraft:wooden_pickaxe":59,"minecraft:blue_bed":1,"minecraft:torch":16,"minecraft:dirt":2,"minecraft:crafting_table":3,"minecraft:wooden_axe":9,"minecraft:diamond_pickaxe":12,"minecraft:bread":2,"minecraft:iron_pickaxe":112,"minecraft:stone_axe":2,"minecraft:cobblestone":11,"minecraft:furnace":1,"minecraft:andesite":38},"minecraft:custom":{"minecraft:interact_with_smithing_table":1,"minecraft:interact_with_furnace":12,"minecraft:mob_kills":1,"minecraft:interact_with_crafting_table":12,"minecraft:leave_game":3,"minecraft:time_since_death":32750,"minecraft:time_since_rest":32750,"minecraft:sprint_one_cm":69244,"minecraft:damage_taken":30,"minecraft:walk_one_cm":85649,"minecraft:damage_dealt":30,"minecraft:talked_to_villager":3,"minecraft:fly_one_cm":26223,"minecraft:open_chest":4,"minecraft:crouch_one_cm":676,"minecraft:play_time":32750,"minecraft:sneak_time":426,"minecraft:jump":304,"minecraft:total_world_time":32750,"minecraft:interact_with_smoker":2,"minecraft:fall_one_cm":4281},"minecraft:mined":{"minecraft:smithing_table":1,"minecraft:tuff":4,"minecraft:deepslate_diamond_ore":4,"minecraft:smoker":1,"minecraft:crafting_table":1,"minecraft:granite":13,"minecraft:blast_furnace":1,"minecraft:grass_block":3,"minecraft:spruce_fence":1,"minecraft:cobblestone":2,"minecraft:lapis_ore":2,"minecraft:blue_bed":1,"minecraft:iron_ore":18,"minecraft:wheat":2,"minecraft:spruce_log":14,"minecraft:andesite":38,"minecraft:coal_ore":28,"minecraft:lantern":10,"minecraft:gravel":4,"minecraft:stone":129,"minecraft:deepslate":60},"minecraft:picked_up":{"minecraft:crafting_table":1,"minecraft:andesite":38,"minecraft:smithing_table":1,"minecraft:smoker":1,"minecraft:tuff":4,"minecraft:lapis_lazuli":15,"minecraft:dirt":2,"minecraft:blue_bed":1,"minecraft:lantern":10,"minecraft:wheat_seeds":2,"minecraft:cobbled_deepslate":59,"minecraft:rabbit":1,"minecraft:raw_iron":18,"minecraft:gravel":4,"minecraft:spruce_fence":1,"minecraft:blast_furnace":1,"minecraft:spruce_log":14,"minecraft:diamond":4,"minecraft:granite":13,"minecraft:coal":28,"minecraft:cobblestone":129},"minecraft:crafted":{"minecraft:crafting_table":2,"minecraft:spruce_planks":56,"minecraft:wooden_pickaxe":1,"minecraft:iron_sword":1,"minecraft:furnace":2,"minecraft:stone_axe":1,"minecraft:iron_chestplate":1,"minecraft:diamond_pickaxe":1,"minecraft:shield":1,"minecraft:stick":20,"minecraft:iron_ingot":18,"minecraft:iron_pickaxe":2,"minecraft:stone_pickaxe":1,"minecraft:wooden_axe":1,"minecraft:torch":16,"minecraft:cooked_rabbit":1},"minecraft:killed":{"minecraft:rabbit":1}},"DataVersion":3953}