{"stats":{"minecraft:used":{"minecraft:torch":1,"minecraft:wooden_axe":9,"minecraft:crafting_table":2,"minecraft:furnace":1,"minecraft:spruce_planks":14,"minecraft:wooden_pickaxe":45},"minecraft:mined":{"minecraft:grass_block":1,"minecraft:coal_ore":28,"minecraft:stone":17,"minecraft:spruce_log":14,"minecraft:crafting_table":1},"minecraft:custom":{"minecraft:time_since_rest":6852,"minecraft:interact_with_furnace":1,"minecraft:crouch_one_cm":210,"minecraft:play_time":6852,"minecraft:sprint_one_cm":12133,"minecraft:walk_one_cm":11637,"minecraft:sneak_time":173,"minecraft:mob_kills":1,"minecraft:jump":33,"minecraft:damage_dealt":30,"minecraft:leave_game":1,"minecraft:time_since_death":6852,"minecraft:total_world_time":6852,"minecraft:fall_one_cm":269,"minecraft:interact_with_crafting_table":4,"minecraft:fly_one_cm":5588},"minecraft:picked_up":{"minecraft:crafting_table":1,"minecraft:rabbit":1,"minecraft:spruce_log":14,"minecraft:coal":28,"minecraft:dirt":1,"minecraft:cobblestone":17},"minecraft:crafted":{"minecraft:furnace":1,"minecraft:torch":16,"minecraft:crafting_table":1,"minecraft:spruce_planks":56,"minecraft:stick":12,"minecraft:wooden_pickaxe":1,"minecraft:wooden_axe":1},"minecraft:killed":{"minecraft:rabbit":1}},"DataVersion":3953}