{"stats":{"minecraft:dropped":{"minecraft:gravel":1,"minecraft:water_bucket":1,"minecraft:bread":1,"minecraft:stone_axe":2,"minecraft:kelp":3,"minecraft:sugar_cane":3,"minecraft:wheat_seeds":4,"minecraft:baked_potato":2,"minecraft:cobblestone":10,"minecraft:granite":2,"minecraft:stick":1,"minecraft:poppy":6,"minecraft:rabbit_hide":1,"minecraft:dirt":8,"minecraft:potato":7,"minecraft:andesite":3,"minecraft:rabbit":1,"minecraft:spruce_wood":1,"minecraft:snowball":19,"minecraft:wooden_pickaxe":3,"minecraft:stone_pickaxe":1,"minecraft:iron_pickaxe":1,"minecraft:paper":1,"minecraft:spruce_sapling":5},"minecraft:used":{"minecraft:water_bucket":16,"minecraft:stone_pickaxe":119,"minecraft:spruce_slab":5,"minecraft:baked_potato":14,"minecraft:chest":4,"minecraft:spruce_planks":3,"minecraft:wooden_pickaxe":4,"minecraft:cooked_salmon":3,"minecraft:blue_bed":10,"minecraft:torch":33,"minecraft:dirt":22,"minecraft:crafting_table":11,"minecraft:snowball":2,"minecraft:spruce_log":1,"minecraft:spruce_boat":12,"minecraft:iron_axe":95,"minecraft:bread":7,"minecraft:iron_boots":1,"minecraft:iron_pickaxe":201,"minecraft:spruce_sapling":10,"minecraft:stone_axe":68,"minecraft:cobblestone":16,"minecraft:cooked_cod":3,"minecraft:bucket":17,"minecraft:potato":6,"minecraft:iron_leggings":1},"minecraft:mined":{"minecraft:spruce_planks":3,"minecraft:kelp_plant":3,"minecraft:crafting_table":7,"minecraft:torch":3,"minecraft:short_grass":106,"minecraft:grass_block":7,"minecraft:copper_ore":15,"minecraft:cobblestone":13,"minecraft:spruce_leaves":23,"minecraft:sugar_cane":2,"minecraft:kelp":3,"minecraft:blue_bed":11,"minecraft:furnace":1,"minecraft:carrots":1,"minecraft:wheat":1,"minecraft:spruce_log":64,"minecraft:ice":163,"minecraft:andesite":5,"minecraft:white_carpet":2,"minecraft:pumpkin":14,"minecraft:gold_block":1,"minecraft:potatoes":9,"minecraft:coal_ore":31,"minecraft:gravel":2,"minecraft:dirt":13,"minecraft:packed_ice":1,"minecraft:stone":87,"minecraft:spruce_slab":2,"minecraft:fern":2,"minecraft:suspicious_gravel":2},"minecraft:custom":{"minecraft:interact_with_furnace":5,"minecraft:mob_kills":8,"minecraft:interact_with_crafting_table":19,"minecraft:open_barrel":6,"minecraft:bell_ring":11,"minecraft:leave_game":9,"minecraft:time_since_death":247788,"minecraft:sleep_in_bed":20,"minecraft:time_since_rest":10142,"minecraft:sprint_one_cm":464711,"minecraft:damage_taken":661,"minecraft:walk_one_cm":518399,"minecraft:drop":33,"minecraft:damage_dealt":5693,"minecraft:swim_one_cm":23889,"minecraft:fly_one_cm":394367,"minecraft:talked_to_villager":3,"minecraft:open_chest":26,"minecraft:crouch_one_cm":3527,"minecraft:play_time":247788,"minecraft:sneak_time":1698,"minecraft:walk_under_water_one_cm":19437,"minecraft:boat_one_cm":331875,"minecraft:jump":1928,"minecraft:walk_on_water_one_cm":13525,"minecraft:total_world_time":247788,"minecraft:fall_one_cm":30703},"minecraft:picked_up":{"minecraft:crafting_table":6,"minecraft:wheat":1,"minecraft:andesite":3,"minecraft:wooden_pickaxe":2,"minecraft:potato":13,"minecraft:gold_block":1,"minecraft:dirt":30,"minecraft:blue_bed":11,"minecraft:string":2,"minecraft:raw_copper":48,"minecraft:flint_and_steel":1,"minecraft:white_carpet":2,"minecraft:bone":9,"minecraft:kelp":11,"minecraft:wheat_seeds":8,"minecraft:rabbit_hide":1,"minecraft:spruce_planks":3,"minecraft:iron_ingot":24,"minecraft:spruce_slab":2,"minecraft:poppy":7,"minecraft:iron_pickaxe":1,"minecraft:rabbit":1,"minecraft:sugar_cane":14,"minecraft:furnace":1,"minecraft:stick":9,"minecraft:pumpkin":14,"minecraft:torch":7,"minecraft:gravel":1,"minecraft:spruce_sapling":19,"minecraft:spruce_log":64,"minecraft:carrot":3,"minecraft:arrow":11,"minecraft:rotten_flesh":6,"minecraft:spruce_boat":11,"minecraft:stone_axe":1,"minecraft:granite":2,"minecraft:bread":1,"minecraft:baked_potato":12,"minecraft:coal":43,"minecraft:snowball":16,"minecraft:cobblestone":99},"minecraft:crafted":{"minecraft:crafting_table":5,"minecraft:spruce_planks":140,"minecraft:wooden_pickaxe":1,"minecraft:baked_potato":6,"minecraft:bucket":1,"minecraft:stone_axe":1,"minecraft:air":0,"minecraft:iron_chestplate":1,"minecraft:iron_boots":1,"minecraft:shield":1,"minecraft:iron_axe":1,"minecraft:spruce_wood":3,"minecraft:stick":28,"minecraft:spruce_slab":6,"minecraft:iron_pickaxe":1,"minecraft:stone_pickaxe":1,"minecraft:chest":4,"minecraft:iron_leggings":2,"minecraft:spruce_boat":2,"minecraft:torch":88},"minecraft:killed":{"minecraft:spider":1,"minecraft:iron_golem":6,"minecraft:stray":1}},"DataVersion":3953}