{"stats":{"minecraft:broken":{"minecraft:iron_shovel":1,"minecraft:iron_axe":1,"minecraft:stone_axe":1,"minecraft:iron_pickaxe":3},"minecraft:dropped":{"minecraft:water_bucket":1,"minecraft:bread":1,"minecraft:wheat_seeds":4,"minecraft:baked_potato":20,"minecraft:cobblestone":10,"minecraft:granite":2,"minecraft:coal":7,"minecraft:stick":1,"minecraft:dirt":8,"minecraft:rabbit":1,"minecraft:snowball":19,"minecraft:iron_leggings":1,"minecraft:axolotl_bucket":1,"minecraft:iron_pickaxe":3,"minecraft:paper":1,"minecraft:spruce_sapling":5,"minecraft:bone":9,"minecraft:gravel":1,"minecraft:stone_axe":2,"minecraft:kelp":3,"minecraft:sugar_cane":3,"minecraft:golden_chestplate":1,"minecraft:beetroot":4,"minecraft:rotten_flesh":6,"minecraft:white_bed":2,"minecraft:poppy":6,"minecraft:rabbit_hide":1,"minecraft:potato":7,"minecraft:shield":2,"minecraft:andesite":3,"minecraft:beetroot_seeds":12,"minecraft:leather_boots":1,"minecraft:spruce_wood":1,"minecraft:bow":1,"minecraft:arrow":14,"minecraft:stone_pickaxe":1,"minecraft:wooden_pickaxe":3},"minecraft:used":{"minecraft:iron_shovel":310,"minecraft:flint_and_steel":4,"minecraft:spruce_slab":5,"minecraft:chest":7,"minecraft:spruce_planks":45,"minecraft:shield":31,"minecraft:stone":30,"minecraft:cooked_salmon":9,"minecraft:rotten_flesh":4,"minecraft:torch":212,"minecraft:dirt":57,"minecraft:carrot":27,"minecraft:snowball":6,"minecraft:spruce_boat":14,"minecraft:iron_axe":475,"minecraft:iron_boots":1,"minecraft:furnace":6,"minecraft:cooked_cod":3,"minecraft:potato":60,"minecraft:cobbled_deepslate":1,"minecraft:pumpkin":5,"minecraft:iron_leggings":1,"minecraft:wheat_seeds":9,"minecraft:water_bucket":16,"minecraft:diorite":27,"minecraft:snow_block":4,"minecraft:stone_pickaxe":125,"minecraft:baked_potato":49,"minecraft:ender_pearl":1,"minecraft:wooden_pickaxe":4,"minecraft:blue_bed":22,"minecraft:crafting_table":19,"minecraft:white_bed":4,"minecraft:spruce_log":47,"minecraft:smoker":1,"minecraft:shears":2,"minecraft:bread":7,"minecraft:iron_pickaxe":837,"minecraft:spruce_trapdoor":7,"minecraft:spruce_sapling":41,"minecraft:stone_axe":75,"minecraft:fishing_rod":1,"minecraft:cobblestone":86,"minecraft:bucket":17},"minecraft:custom":{"minecraft:mob_kills":91,"minecraft:interact_with_crafting_table":57,"minecraft:open_barrel":26,"minecraft:bell_ring":18,"minecraft:leave_game":22,"minecraft:time_since_death":133894,"minecraft:climb_one_cm":2248,"minecraft:sprint_one_cm":1139269,"minecraft:walk_one_cm":1617424,"minecraft:damage_blocked_by_shield":1845,"minecraft:drop":70,"minecraft:talked_to_villager":23,"minecraft:play_time":631922,"minecraft:sneak_time":5431,"minecraft:deaths":2,"minecraft:walk_under_water_one_cm":56619,"minecraft:boat_one_cm":451375,"minecraft:jump":5082,"minecraft:interact_with_blast_furnace":5,"minecraft:walk_on_water_one_cm":57052,"minecraft:total_world_time":631922,"minecraft:interact_with_furnace":43,"minecraft:sleep_in_bed":42,"minecraft:time_since_rest":76117,"minecraft:damage_taken":3199,"minecraft:damage_dealt":19312,"minecraft:swim_one_cm":61754,"minecraft:fly_one_cm":736770,"minecraft:open_chest":69,"minecraft:crouch_one_cm":17478,"minecraft:interact_with_smoker":25,"minecraft:fish_caught":1,"minecraft:fall_one_cm":77119},"minecraft:picked_up":{"minecraft:crafting_table":11,"minecraft:iron_chestplate":2,"minecraft:wheat":27,"minecraft:wooden_pickaxe":2,"minecraft:gold_block":1,"minecraft:shield":2,"minecraft:string":7,"minecraft:raw_copper":175,"minecraft:iron_axe":2,"minecraft:cooked_salmon":21,"minecraft:flint_and_steel":3,"minecraft:iron_leggings":3,"minecraft:white_carpet":2,"minecraft:iron_shovel":4,"minecraft:beetroot":4,"minecraft:gold_nugget":18,"minecraft:cobbled_deepslate":82,"minecraft:spruce_planks":93,"minecraft:poppy":16,"minecraft:iron_pickaxe":4,"minecraft:spruce_slab":8,"minecraft:sugar_cane":36,"minecraft:chest":4,"minecraft:spruce_trapdoor":1,"minecraft:phantom_membrane":1,"minecraft:iron_boots":1,"minecraft:furnace":6,"minecraft:stick":75,"minecraft:raw_iron":95,"minecraft:stone":68,"minecraft:composter":1,"minecraft:torch":110,"minecraft:golden_axe":1,"minecraft:diorite":65,"minecraft:carrot":36,"minecraft:redstone":18,"minecraft:golden_chestplate":1,"minecraft:rabbit_foot":1,"minecraft:stone_sword":1,"minecraft:arrow":29,"minecraft:rotten_flesh":30,"minecraft:beetroot_seeds":12,"minecraft:shears":2,"minecraft:cod":1,"minecraft:snowball":188,"minecraft:rail":2,"minecraft:cobblestone":450,"minecraft:andesite":12,"minecraft:salmon":36,"minecraft:leather":6,"minecraft:potato":200,"minecraft:flint":1,"minecraft:tuff":6,"minecraft:gunpowder":9,"minecraft:paper":4,"minecraft:lapis_lazuli":88,"minecraft:dirt":332,"minecraft:blue_bed":24,"minecraft:leather_boots":1,"minecraft:bone":24,"minecraft:kelp":11,"minecraft:bow":2,"minecraft:wheat_seeds":45,"minecraft:rabbit_hide":3,"minecraft:iron_ingot":73,"minecraft:stone_pickaxe":2,"minecraft:rabbit":2,"minecraft:stone_hoe":1,"minecraft:iron_sword":1,"minecraft:oak_planks":1,"minecraft:pumpkin":41,"minecraft:axolotl_bucket":1,"minecraft:gravel":11,"minecraft:sand":2,"minecraft:spruce_sapling":64,"minecraft:grass_block":1,"minecraft:white_bed":6,"minecraft:spruce_log":273,"minecraft:pumpkin_seeds":8,"minecraft:diamond":6,"minecraft:spruce_boat":15,"minecraft:stone_axe":2,"minecraft:iron_helmet":1,"minecraft:granite":37,"minecraft:bone_meal":8,"minecraft:bread":1,"minecraft:baked_potato":40,"minecraft:coal":244,"minecraft:ender_pearl":1},"minecraft:crafted":{"minecraft:fishing_rod":1,"minecraft:furnace":2,"minecraft:stone":64,"minecraft:iron_boots":1,"minecraft:iron_axe":4,"minecraft:spruce_wood":3,"minecraft:spruce_slab":6,"minecraft:stone_pickaxe":1,"minecraft:chest":6,"minecraft:spruce_boat":2,"minecraft:smoker":1,"minecraft:crafting_table":10,"minecraft:spruce_planks":348,"minecraft:baked_potato":47,"minecraft:wooden_pickaxe":1,"minecraft:cooked_salmon":13,"minecraft:bucket":1,"minecraft:stone_axe":1,"minecraft:air":0,"minecraft:spruce_trapdoor":6,"minecraft:iron_chestplate":1,"minecraft:diamond_pickaxe":1,"minecraft:shield":3,"minecraft:stick":80,"minecraft:iron_ingot":51,"minecraft:iron_pickaxe":5,"minecraft:snow_block":4,"minecraft:iron_shovel":2,"minecraft:iron_leggings":2,"minecraft:torch":180,"minecraft:shears":1},"minecraft:killed":{"minecraft:spider":2,"minecraft:skeleton":15,"minecraft:salmon":37,"minecraft:iron_golem":12,"minecraft:wandering_trader":1,"minecraft:creeper":6,"minecraft:trader_llama":2,"minecraft:zombie":12,"minecraft:stray":2},"minecraft:mined":{"minecraft:tuff":6,"minecraft:spruce_planks":7,"minecraft:white_bed":9,"minecraft:deepslate_diamond_ore":6,"minecraft:spruce_trapdoor":3,"minecraft:granite":34,"minecraft:grass_block":196,"minecraft:spruce_leaves":54,"minecraft:composter":1,"minecraft:kelp":3,"minecraft:tall_seagrass":1,"minecraft:redstone_ore":1,"minecraft:furnace":4,"minecraft:carrots":8,"minecraft:iron_ore":80,"minecraft:fire":4,"minecraft:snow":71,"minecraft:andesite":13,"minecraft:pumpkin":17,"minecraft:deepslate_lapis_ore":9,"minecraft:gold_block":1,"minecraft:potatoes":49,"minecraft:deepslate_iron_ore":17,"minecraft:rail":2,"minecraft:packed_ice":1,"minecraft:stone":312,"minecraft:spruce_slab":2,"minecraft:deepslate_redstone_ore":3,"minecraft:kelp_plant":3,"minecraft:crafting_table":12,"minecraft:torch":7,"minecraft:short_grass":110,"minecraft:chest":2,"minecraft:copper_ore":23,"minecraft:cobblestone":24,"minecraft:deepslate_gold_ore":2,"minecraft:lapis_ore":4,"minecraft:sugar_cane":6,"minecraft:blue_bed":21,"minecraft:diorite":54,"minecraft:wall_torch":2,"minecraft:wheat":4,"minecraft:ice":165,"minecraft:white_carpet":2,"minecraft:spruce_log":188,"minecraft:coal_ore":122,"minecraft:beetroots":6,"minecraft:gravel":10,"minecraft:dirt":91,"minecraft:sand":1,"minecraft:deepslate":61,"minecraft:fern":2,"minecraft:suspicious_gravel":2},"minecraft:killed_by":{"minecraft:zombie":2}},"DataVersion":3953}