{"stats":{"minecraft:mined":{"minecraft:short_grass":1,"minecraft:grass_block":1,"minecraft:stone":26,"minecraft:spruce_leaves":11,"minecraft:spruce_log":21,"minecraft:sugar_cane":2,"minecraft:crafting_table":4},"minecraft:dropped":{"minecraft:wooden_pickaxe":1},"minecraft:custom":{"minecraft:open_chest":1,"minecraft:time_since_rest":3795,"minecraft:play_time":34813,"minecraft:sprint_one_cm":44449,"minecraft:walk_one_cm":82883,"minecraft:drop":1,"minecraft:jump":247,"minecraft:leave_game":3,"minecraft:time_since_death":34813,"minecraft:total_world_time":34813,"minecraft:sleep_in_bed":3,"minecraft:interact_with_crafting_table":5,"minecraft:fall_one_cm":4211,"minecraft:fly_one_cm":60269},"minecraft:crafted":{"minecraft:stone_axe":1,"minecraft:crafting_table":1,"minecraft:spruce_planks":52,"minecraft:stick":12,"minecraft:stone_pickaxe":1,"minecraft:wooden_pickaxe":1},"minecraft:picked_up":{"minecraft:stick":1,"minecraft:crafting_table":4,"minecraft:arrow":8,"minecraft:bone":4,"minecraft:rotten_flesh":3,"minecraft:wheat_seeds":1,"minecraft:rabbit_hide":1,"minecraft:spruce_sapling":5,"minecraft:rabbit":1,"minecraft:spruce_log":21,"minecraft:sugar_cane":14,"minecraft:dirt":1,"minecraft:cobblestone":25},"minecraft:used":{"minecraft:stone_axe":13,"minecraft:crafting_table":4,"minecraft:stone_pickaxe":22,"minecraft:wooden_pickaxe":4,"minecraft:spruce_log":1}},"DataVersion":3953}