{"stats":{"minecraft:dropped":{"minecraft:water_bucket":1,"minecraft:gravel":1,"minecraft:bread":1,"minecraft:stone_axe":2,"minecraft:kelp":3,"minecraft:sugar_cane":3,"minecraft:wheat_seeds":4,"minecraft:baked_potato":2,"minecraft:cobblestone":10,"minecraft:granite":2,"minecraft:stick":1,"minecraft:poppy":6,"minecraft:rabbit_hide":1,"minecraft:dirt":8,"minecraft:potato":7,"minecraft:andesite":3,"minecraft:rabbit":1,"minecraft:spruce_wood":1,"minecraft:snowball":19,"minecraft:wooden_pickaxe":3,"minecraft:stone_pickaxe":1,"minecraft:iron_pickaxe":1,"minecraft:paper":1,"minecraft:spruce_sapling":5},"minecraft:used":{"minecraft:water_bucket":16,"minecraft:spruce_slab":5,"minecraft:stone_pickaxe":119,"minecraft:baked_potato":12,"minecraft:spruce_planks":3,"minecraft:chest":2,"minecraft:wooden_pickaxe":4,"minecraft:blue_bed":10,"minecraft:cooked_salmon":3,"minecraft:torch":27,"minecraft:dirt":22,"minecraft:crafting_table":9,"minecraft:snowball":2,"minecraft:spruce_log":1,"minecraft:spruce_boat":12,"minecraft:iron_axe":65,"minecraft:bread":7,"minecraft:iron_pickaxe":193,"minecraft:stone_axe":68,"minecraft:cobblestone":16,"minecraft:cooked_cod":3,"minecraft:bucket":17,"minecraft:potato":6},"minecraft:mined":{"minecraft:spruce_planks":3,"minecraft:kelp_plant":3,"minecraft:torch":3,"minecraft:crafting_table":6,"minecraft:short_grass":106,"minecraft:grass_block":7,"minecraft:copper_ore":15,"minecraft:cobblestone":10,"minecraft:spruce_leaves":17,"minecraft:sugar_cane":2,"minecraft:kelp":3,"minecraft:blue_bed":10,"minecraft:furnace":1,"minecraft:carrots":1,"minecraft:white_carpet":2,"minecraft:wheat":1,"minecraft:ice":163,"minecraft:spruce_log":51,"minecraft:andesite":5,"minecraft:pumpkin":14,"minecraft:gold_block":1,"minecraft:potatoes":9,"minecraft:coal_ore":31,"minecraft:gravel":2,"minecraft:dirt":13,"minecraft:packed_ice":1,"minecraft:stone":82,"minecraft:spruce_slab":2,"minecraft:fern":2,"minecraft:suspicious_gravel":2},"minecraft:custom":{"minecraft:interact_with_furnace":5,"minecraft:mob_kills":7,"minecraft:interact_with_crafting_table":13,"minecraft:open_barrel":6,"minecraft:bell_ring":11,"minecraft:leave_game":8,"minecraft:time_since_death":236022,"minecraft:sleep_in_bed":19,"minecraft:time_since_rest":11531,"minecraft:sprint_one_cm":410433,"minecraft:damage_taken":661,"minecraft:walk_one_cm":503899,"minecraft:drop":33,"minecraft:damage_dealt":4753,"minecraft:swim_one_cm":23889,"minecraft:fly_one_cm":373366,"minecraft:talked_to_villager":3,"minecraft:open_chest":22,"minecraft:crouch_one_cm":2773,"minecraft:play_time":236022,"minecraft:sneak_time":1377,"minecraft:walk_under_water_one_cm":18215,"minecraft:boat_one_cm":331875,"minecraft:jump":1833,"minecraft:walk_on_water_one_cm":12728,"minecraft:total_world_time":236022,"minecraft:fall_one_cm":29329},"minecraft:picked_up":{"minecraft:crafting_table":6,"minecraft:wheat":1,"minecraft:andesite":3,"minecraft:wooden_pickaxe":2,"minecraft:potato":13,"minecraft:gold_block":1,"minecraft:dirt":30,"minecraft:blue_bed":10,"minecraft:string":2,"minecraft:raw_copper":48,"minecraft:flint_and_steel":1,"minecraft:white_carpet":2,"minecraft:bone":9,"minecraft:kelp":11,"minecraft:wheat_seeds":8,"minecraft:spruce_planks":3,"minecraft:rabbit_hide":1,"minecraft:iron_ingot":20,"minecraft:spruce_slab":2,"minecraft:iron_pickaxe":1,"minecraft:poppy":7,"minecraft:rabbit":1,"minecraft:sugar_cane":14,"minecraft:furnace":1,"minecraft:stick":6,"minecraft:pumpkin":14,"minecraft:torch":7,"minecraft:gravel":1,"minecraft:spruce_sapling":10,"minecraft:spruce_log":51,"minecraft:carrot":3,"minecraft:arrow":11,"minecraft:rotten_flesh":6,"minecraft:spruce_boat":11,"minecraft:stone_axe":1,"minecraft:granite":2,"minecraft:bread":1,"minecraft:baked_potato":12,"minecraft:snowball":16,"minecraft:coal":43,"minecraft:cobblestone":92},"minecraft:crafted":{"minecraft:crafting_table":3,"minecraft:spruce_planks":96,"minecraft:wooden_pickaxe":1,"minecraft:baked_potato":6,"minecraft:bucket":1,"minecraft:stone_axe":1,"minecraft:air":0,"minecraft:shield":1,"minecraft:spruce_slab":6,"minecraft:spruce_wood":3,"minecraft:iron_axe":1,"minecraft:stick":16,"minecraft:iron_pickaxe":1,"minecraft:stone_pickaxe":1,"minecraft:chest":2,"minecraft:spruce_boat":2,"minecraft:torch":20},"minecraft:killed":{"minecraft:spider":1,"minecraft:iron_golem":5,"minecraft:stray":1}},"DataVersion":3953}