{"stats":{"minecraft:broken":{"minecraft:iron_shovel":1,"minecraft:iron_axe":1,"minecraft:stone_axe":1,"minecraft:iron_pickaxe":3},"minecraft:dropped":{"minecraft:water_bucket":1,"minecraft:bread":1,"minecraft:wheat_seeds":4,"minecraft:baked_potato":20,"minecraft:cobblestone":10,"minecraft:granite":2,"minecraft:coal":5,"minecraft:stick":1,"minecraft:dirt":8,"minecraft:rabbit":1,"minecraft:snowball":19,"minecraft:iron_leggings":1,"minecraft:axolotl_bucket":1,"minecraft:iron_pickaxe":1,"minecraft:paper":1,"minecraft:spruce_sapling":5,"minecraft:bone":9,"minecraft:gravel":1,"minecraft:stone_axe":2,"minecraft:kelp":3,"minecraft:sugar_cane":3,"minecraft:golden_chestplate":1,"minecraft:beetroot":4,"minecraft:rotten_flesh":6,"minecraft:white_bed":2,"minecraft:poppy":6,"minecraft:rabbit_hide":1,"minecraft:potato":7,"minecraft:shield":2,"minecraft:andesite":3,"minecraft:beetroot_seeds":12,"minecraft:leather_boots":1,"minecraft:spruce_wood":1,"minecraft:bow":1,"minecraft:arrow":14,"minecraft:wooden_pickaxe":3,"minecraft:stone_pickaxe":1},"minecraft:used":{"minecraft:iron_shovel":310,"minecraft:flint_and_steel":3,"minecraft:spruce_slab":5,"minecraft:chest":7,"minecraft:spruce_planks":45,"minecraft:shield":31,"minecraft:stone":30,"minecraft:cooked_salmon":3,"minecraft:rotten_flesh":4,"minecraft:torch":202,"minecraft:dirt":57,"minecraft:carrot":27,"minecraft:snowball":6,"minecraft:spruce_boat":14,"minecraft:iron_axe":431,"minecraft:iron_boots":1,"minecraft:furnace":6,"minecraft:cooked_cod":3,"minecraft:potato":60,"minecraft:cobbled_deepslate":1,"minecraft:pumpkin":5,"minecraft:iron_leggings":1,"minecraft:wheat_seeds":9,"minecraft:water_bucket":16,"minecraft:diorite":24,"minecraft:snow_block":4,"minecraft:stone_pickaxe":125,"minecraft:baked_potato":49,"minecraft:ender_pearl":1,"minecraft:wooden_pickaxe":4,"minecraft:blue_bed":22,"minecraft:crafting_table":18,"minecraft:white_bed":4,"minecraft:spruce_log":47,"minecraft:shears":2,"minecraft:bread":7,"minecraft:iron_pickaxe":807,"minecraft:spruce_trapdoor":7,"minecraft:spruce_sapling":41,"minecraft:stone_axe":75,"minecraft:cobblestone":86,"minecraft:bucket":17},"minecraft:custom":{"minecraft:mob_kills":53,"minecraft:interact_with_crafting_table":51,"minecraft:open_barrel":26,"minecraft:bell_ring":18,"minecraft:leave_game":21,"minecraft:time_since_death":106161,"minecraft:climb_one_cm":2248,"minecraft:sprint_one_cm":1104535,"minecraft:walk_one_cm":1541122,"minecraft:damage_blocked_by_shield":1845,"minecraft:drop":66,"minecraft:talked_to_villager":22,"minecraft:play_time":604189,"minecraft:sneak_time":5077,"minecraft:deaths":2,"minecraft:walk_under_water_one_cm":40345,"minecraft:boat_one_cm":451375,"minecraft:jump":4810,"minecraft:interact_with_blast_furnace":5,"minecraft:walk_on_water_one_cm":42588,"minecraft:total_world_time":604189,"minecraft:interact_with_furnace":30,"minecraft:sleep_in_bed":42,"minecraft:time_since_rest":48384,"minecraft:damage_taken":2944,"minecraft:damage_dealt":17691,"minecraft:swim_one_cm":26880,"minecraft:fly_one_cm":718960,"minecraft:open_chest":56,"minecraft:crouch_one_cm":16714,"minecraft:interact_with_smoker":15,"minecraft:fall_one_cm":72501},"minecraft:picked_up":{"minecraft:crafting_table":10,"minecraft:iron_chestplate":2,"minecraft:wheat":27,"minecraft:wooden_pickaxe":2,"minecraft:gold_block":1,"minecraft:shield":2,"minecraft:string":7,"minecraft:raw_copper":175,"minecraft:iron_axe":2,"minecraft:flint_and_steel":3,"minecraft:iron_leggings":3,"minecraft:white_carpet":2,"minecraft:iron_shovel":4,"minecraft:beetroot":4,"minecraft:gold_nugget":18,"minecraft:cobbled_deepslate":82,"minecraft:spruce_planks":93,"minecraft:poppy":16,"minecraft:iron_pickaxe":3,"minecraft:spruce_slab":8,"minecraft:sugar_cane":36,"minecraft:chest":4,"minecraft:spruce_trapdoor":1,"minecraft:phantom_membrane":1,"minecraft:iron_boots":1,"minecraft:furnace":6,"minecraft:stick":75,"minecraft:raw_iron":95,"minecraft:stone":68,"minecraft:composter":1,"minecraft:torch":107,"minecraft:golden_axe":1,"minecraft:diorite":65,"minecraft:carrot":36,"minecraft:redstone":18,"minecraft:golden_chestplate":1,"minecraft:rabbit_foot":1,"minecraft:stone_sword":1,"minecraft:arrow":29,"minecraft:rotten_flesh":30,"minecraft:beetroot_seeds":12,"minecraft:shears":2,"minecraft:snowball":188,"minecraft:rail":2,"minecraft:cobblestone":440,"minecraft:andesite":11,"minecraft:leather":6,"minecraft:potato":200,"minecraft:flint":1,"minecraft:tuff":6,"minecraft:gunpowder":9,"minecraft:paper":4,"minecraft:lapis_lazuli":88,"minecraft:dirt":331,"minecraft:blue_bed":24,"minecraft:leather_boots":1,"minecraft:bone":24,"minecraft:kelp":11,"minecraft:bow":2,"minecraft:wheat_seeds":45,"minecraft:rabbit_hide":3,"minecraft:iron_ingot":73,"minecraft:stone_pickaxe":2,"minecraft:rabbit":2,"minecraft:stone_hoe":1,"minecraft:iron_sword":1,"minecraft:oak_planks":1,"minecraft:pumpkin":41,"minecraft:axolotl_bucket":1,"minecraft:gravel":11,"minecraft:sand":2,"minecraft:spruce_sapling":64,"minecraft:grass_block":1,"minecraft:white_bed":6,"minecraft:spruce_log":273,"minecraft:pumpkin_seeds":8,"minecraft:diamond":6,"minecraft:spruce_boat":15,"minecraft:stone_axe":2,"minecraft:iron_helmet":1,"minecraft:granite":28,"minecraft:bone_meal":5,"minecraft:bread":1,"minecraft:baked_potato":40,"minecraft:coal":236,"minecraft:ender_pearl":1},"minecraft:crafted":{"minecraft:furnace":1,"minecraft:stone":64,"minecraft:iron_boots":1,"minecraft:iron_axe":4,"minecraft:spruce_wood":3,"minecraft:spruce_slab":6,"minecraft:stone_pickaxe":1,"minecraft:chest":6,"minecraft:spruce_boat":2,"minecraft:crafting_table":9,"minecraft:spruce_planks":344,"minecraft:baked_potato":47,"minecraft:wooden_pickaxe":1,"minecraft:bucket":1,"minecraft:stone_axe":1,"minecraft:air":0,"minecraft:spruce_trapdoor":6,"minecraft:iron_chestplate":1,"minecraft:shield":3,"minecraft:stick":76,"minecraft:iron_ingot":16,"minecraft:iron_pickaxe":4,"minecraft:snow_block":4,"minecraft:iron_shovel":2,"minecraft:iron_leggings":2,"minecraft:torch":180,"minecraft:shears":1},"minecraft:killed":{"minecraft:spider":2,"minecraft:skeleton":15,"minecraft:iron_golem":12,"minecraft:wandering_trader":1,"minecraft:creeper":5,"minecraft:trader_llama":2,"minecraft:zombie":12,"minecraft:stray":2},"minecraft:mined":{"minecraft:tuff":6,"minecraft:spruce_planks":7,"minecraft:white_bed":6,"minecraft:deepslate_diamond_ore":6,"minecraft:spruce_trapdoor":3,"minecraft:granite":25,"minecraft:grass_block":195,"minecraft:spruce_leaves":54,"minecraft:composter":1,"minecraft:kelp":3,"minecraft:redstone_ore":1,"minecraft:furnace":4,"minecraft:carrots":8,"minecraft:iron_ore":80,"minecraft:fire":3,"minecraft:snow":71,"minecraft:andesite":12,"minecraft:pumpkin":17,"minecraft:deepslate_lapis_ore":9,"minecraft:gold_block":1,"minecraft:potatoes":49,"minecraft:deepslate_iron_ore":17,"minecraft:rail":2,"minecraft:packed_ice":1,"minecraft:stone":299,"minecraft:spruce_slab":2,"minecraft:deepslate_redstone_ore":3,"minecraft:kelp_plant":3,"minecraft:crafting_table":11,"minecraft:torch":7,"minecraft:short_grass":110,"minecraft:chest":2,"minecraft:copper_ore":23,"minecraft:cobblestone":24,"minecraft:deepslate_gold_ore":2,"minecraft:lapis_ore":4,"minecraft:sugar_cane":6,"minecraft:blue_bed":21,"minecraft:diorite":54,"minecraft:wall_torch":2,"minecraft:wheat":4,"minecraft:ice":165,"minecraft:white_carpet":2,"minecraft:spruce_log":188,"minecraft:coal_ore":116,"minecraft:beetroots":6,"minecraft:gravel":10,"minecraft:sand":1,"minecraft:dirt":91,"minecraft:deepslate":61,"minecraft:fern":2,"minecraft:suspicious_gravel":2},"minecraft:killed_by":{"minecraft:zombie":2}},"DataVersion":3953}