{"stats":{"minecraft:mined":{"minecraft:short_grass":1,"minecraft:grass_block":1,"minecraft:spruce_leaves":3,"minecraft:spruce_log":8,"minecraft:sugar_cane":2,"minecraft:crafting_table":2},"minecraft:custom":{"minecraft:open_chest":1,"minecraft:time_since_rest":3080,"minecraft:play_time":10813,"minecraft:sprint_one_cm":44449,"minecraft:walk_one_cm":13570,"minecraft:jump":172,"minecraft:leave_game":3,"minecraft:time_since_death":10813,"minecraft:total_world_time":10813,"minecraft:sleep_in_bed":1,"minecraft:interact_with_crafting_table":2,"minecraft:fall_one_cm":3942,"minecraft:fly_one_cm":60217},"minecraft:crafted":{"minecraft:crafting_table":1,"minecraft:spruce_planks":28},"minecraft:used":{"minecraft:crafting_table":2,"minecraft:spruce_log":1},"minecraft:picked_up":{"minecraft:crafting_table":2,"minecraft:arrow":8,"minecraft:bone":4,"minecraft:rotten_flesh":3,"minecraft:wheat_seeds":1,"minecraft:rabbit_hide":1,"minecraft:spruce_sapling":1,"minecraft:rabbit":1,"minecraft:spruce_log":8,"minecraft:sugar_cane":14,"minecraft:dirt":1}},"DataVersion":3953}