{"stats":{"minecraft:dropped":{"minecraft:stone_axe":1,"minecraft:wooden_pickaxe":3},"minecraft:crafted":{"minecraft:crafting_table":1,"minecraft:spruce_planks":52,"minecraft:stick":12,"minecraft:wooden_pickaxe":1,"minecraft:stone_pickaxe":1,"minecraft:torch":20,"minecraft:stone_axe":1},"minecraft:used":{"minecraft:bread":3,"minecraft:stone_pickaxe":91,"minecraft:wooden_pickaxe":4,"minecraft:stone_axe":23,"minecraft:torch":4,"minecraft:cobblestone":4,"minecraft:crafting_table":4,"minecraft:spruce_log":1},"minecraft:picked_up":{"minecraft:stick":1,"minecraft:crafting_table":4,"minecraft:pumpkin":4,"minecraft:andesite":1,"minecraft:wooden_pickaxe":2,"minecraft:spruce_sapling":5,"minecraft:spruce_log":21,"minecraft:string":2,"minecraft:dirt":13,"minecraft:raw_copper":48,"minecraft:arrow":10,"minecraft:bone":7,"minecraft:rotten_flesh":3,"minecraft:stone_axe":1,"minecraft:wheat_seeds":1,"minecraft:rabbit_hide":1,"minecraft:rabbit":1,"minecraft:sugar_cane":14,"minecraft:coal":16,"minecraft:snowball":16,"minecraft:cobblestone":61},"minecraft:custom":{"minecraft:time_since_rest":9699,"minecraft:sprint_one_cm":88860,"minecraft:damage_taken":10,"minecraft:walk_one_cm":131918,"minecraft:mob_kills":2,"minecraft:drop":4,"minecraft:damage_dealt":260,"minecraft:talked_to_villager":1,"minecraft:interact_with_crafting_table":5,"minecraft:fly_one_cm":104345,"minecraft:open_chest":3,"minecraft:play_time":103875,"minecraft:jump":469,"minecraft:leave_game":6,"minecraft:time_since_death":103875,"minecraft:sleep_in_bed":7,"minecraft:total_world_time":103875,"minecraft:fall_one_cm":9496},"minecraft:killed":{"minecraft:stray":1,"minecraft:spider":1},"minecraft:mined":{"minecraft:spruce_log":21,"minecraft:andesite":1,"minecraft:pumpkin":4,"minecraft:crafting_table":4,"minecraft:short_grass":14,"minecraft:grass_block":1,"minecraft:coal_ore":16,"minecraft:copper_ore":15,"minecraft:spruce_leaves":11,"minecraft:stone":62,"minecraft:sugar_cane":2}},"DataVersion":3953}