{"stats":{"minecraft:broken":{"minecraft:iron_shovel":1,"minecraft:iron_axe":1,"minecraft:stone_axe":1,"minecraft:iron_pickaxe":2},"minecraft:dropped":{"minecraft:water_bucket":1,"minecraft:bread":1,"minecraft:wheat_seeds":4,"minecraft:baked_potato":2,"minecraft:cobblestone":10,"minecraft:granite":2,"minecraft:stick":1,"minecraft:dirt":8,"minecraft:rabbit":1,"minecraft:snowball":19,"minecraft:iron_leggings":1,"minecraft:iron_pickaxe":1,"minecraft:paper":1,"minecraft:spruce_sapling":5,"minecraft:bone":9,"minecraft:gravel":1,"minecraft:stone_axe":2,"minecraft:kelp":3,"minecraft:sugar_cane":3,"minecraft:beetroot":4,"minecraft:white_bed":1,"minecraft:poppy":6,"minecraft:rabbit_hide":1,"minecraft:potato":7,"minecraft:andesite":3,"minecraft:beetroot_seeds":12,"minecraft:spruce_wood":1,"minecraft:wooden_pickaxe":3,"minecraft:stone_pickaxe":1},"minecraft:used":{"minecraft:iron_shovel":310,"minecraft:flint_and_steel":3,"minecraft:spruce_slab":5,"minecraft:chest":5,"minecraft:spruce_planks":45,"minecraft:shield":5,"minecraft:stone":30,"minecraft:cooked_salmon":3,"minecraft:torch":86,"minecraft:dirt":55,"minecraft:carrot":25,"minecraft:snowball":6,"minecraft:spruce_boat":14,"minecraft:iron_axe":316,"minecraft:iron_boots":1,"minecraft:furnace":5,"minecraft:cooked_cod":3,"minecraft:potato":48,"minecraft:cobbled_deepslate":1,"minecraft:pumpkin":5,"minecraft:iron_leggings":1,"minecraft:wheat_seeds":9,"minecraft:water_bucket":16,"minecraft:diorite":24,"minecraft:snow_block":4,"minecraft:stone_pickaxe":119,"minecraft:baked_potato":26,"minecraft:ender_pearl":1,"minecraft:wooden_pickaxe":4,"minecraft:blue_bed":22,"minecraft:crafting_table":16,"minecraft:shears":2,"minecraft:spruce_log":47,"minecraft:bread":7,"minecraft:iron_pickaxe":625,"minecraft:spruce_trapdoor":7,"minecraft:spruce_sapling":37,"minecraft:stone_axe":75,"minecraft:cobblestone":72,"minecraft:bucket":17},"minecraft:custom":{"minecraft:mob_kills":24,"minecraft:interact_with_crafting_table":40,"minecraft:open_barrel":19,"minecraft:bell_ring":18,"minecraft:leave_game":18,"minecraft:time_since_death":4289,"minecraft:climb_one_cm":1650,"minecraft:sprint_one_cm":875581,"minecraft:walk_one_cm":1222598,"minecraft:damage_blocked_by_shield":303,"minecraft:drop":38,"minecraft:talked_to_villager":20,"minecraft:play_time":502317,"minecraft:deaths":2,"minecraft:sneak_time":3834,"minecraft:walk_under_water_one_cm":25299,"minecraft:boat_one_cm":331875,"minecraft:jump":3661,"minecraft:interact_with_blast_furnace":4,"minecraft:walk_on_water_one_cm":19894,"minecraft:total_world_time":502317,"minecraft:interact_with_furnace":22,"minecraft:sleep_in_bed":38,"minecraft:time_since_rest":7258,"minecraft:damage_taken":1745,"minecraft:damage_dealt":12024,"minecraft:swim_one_cm":23889,"minecraft:fly_one_cm":607381,"minecraft:open_chest":42,"minecraft:crouch_one_cm":13030,"minecraft:interact_with_smoker":9,"minecraft:fall_one_cm":57830},"minecraft:picked_up":{"minecraft:crafting_table":10,"minecraft:iron_chestplate":2,"minecraft:wheat":25,"minecraft:wooden_pickaxe":2,"minecraft:gold_block":1,"minecraft:shield":2,"minecraft:string":2,"minecraft:raw_copper":144,"minecraft:iron_axe":2,"minecraft:flint_and_steel":2,"minecraft:iron_leggings":2,"minecraft:white_carpet":2,"minecraft:iron_shovel":2,"minecraft:beetroot":4,"minecraft:gold_nugget":18,"minecraft:cobbled_deepslate":49,"minecraft:spruce_planks":63,"minecraft:spruce_slab":8,"minecraft:poppy":14,"minecraft:iron_pickaxe":3,"minecraft:sugar_cane":25,"minecraft:chest":4,"minecraft:spruce_trapdoor":1,"minecraft:phantom_membrane":1,"minecraft:iron_boots":1,"minecraft:furnace":6,"minecraft:stick":56,"minecraft:raw_iron":59,"minecraft:stone":68,"minecraft:composter":1,"minecraft:torch":36,"minecraft:diorite":51,"minecraft:carrot":36,"minecraft:redstone":5,"minecraft:arrow":15,"minecraft:rotten_flesh":15,"minecraft:beetroot_seeds":12,"minecraft:shears":2,"minecraft:snowball":188,"minecraft:cobblestone":364,"minecraft:andesite":9,"minecraft:leather":6,"minecraft:potato":156,"minecraft:flint":1,"minecraft:tuff":6,"minecraft:gunpowder":6,"minecraft:dirt":320,"minecraft:blue_bed":24,"minecraft:bone":13,"minecraft:kelp":11,"minecraft:bow":2,"minecraft:wheat_seeds":45,"minecraft:rabbit_hide":1,"minecraft:iron_ingot":65,"minecraft:rabbit":1,"minecraft:pumpkin":41,"minecraft:gravel":11,"minecraft:spruce_sapling":47,"minecraft:grass_block":1,"minecraft:white_bed":1,"minecraft:spruce_log":253,"minecraft:pumpkin_seeds":8,"minecraft:spruce_boat":15,"minecraft:stone_axe":2,"minecraft:granite":21,"minecraft:bread":1,"minecraft:baked_potato":12,"minecraft:coal":163,"minecraft:ender_pearl":1},"minecraft:crafted":{"minecraft:stone":64,"minecraft:iron_boots":1,"minecraft:iron_axe":2,"minecraft:spruce_wood":3,"minecraft:spruce_slab":6,"minecraft:stone_pickaxe":1,"minecraft:chest":4,"minecraft:spruce_boat":2,"minecraft:crafting_table":7,"minecraft:spruce_planks":300,"minecraft:baked_potato":32,"minecraft:wooden_pickaxe":1,"minecraft:bucket":1,"minecraft:stone_axe":1,"minecraft:air":0,"minecraft:spruce_trapdoor":6,"minecraft:iron_chestplate":1,"minecraft:shield":1,"minecraft:stick":40,"minecraft:iron_ingot":3,"minecraft:iron_pickaxe":3,"minecraft:snow_block":4,"minecraft:iron_shovel":2,"minecraft:iron_leggings":2,"minecraft:torch":88,"minecraft:shears":1},"minecraft:killed":{"minecraft:spider":1,"minecraft:skeleton":1,"minecraft:iron_golem":11,"minecraft:wandering_trader":1,"minecraft:creeper":3,"minecraft:trader_llama":2,"minecraft:zombie":3,"minecraft:stray":2},"minecraft:mined":{"minecraft:tuff":6,"minecraft:spruce_planks":7,"minecraft:white_bed":1,"minecraft:spruce_trapdoor":3,"minecraft:granite":19,"minecraft:grass_block":186,"minecraft:spruce_leaves":50,"minecraft:kelp":3,"minecraft:composter":1,"minecraft:redstone_ore":1,"minecraft:furnace":4,"minecraft:carrots":8,"minecraft:iron_ore":56,"minecraft:fire":3,"minecraft:snow":71,"minecraft:andesite":11,"minecraft:pumpkin":17,"minecraft:gold_block":1,"minecraft:potatoes":37,"minecraft:deepslate_iron_ore":3,"minecraft:packed_ice":1,"minecraft:stone":254,"minecraft:spruce_slab":2,"minecraft:kelp_plant":3,"minecraft:crafting_table":11,"minecraft:torch":6,"minecraft:short_grass":109,"minecraft:chest":2,"minecraft:copper_ore":15,"minecraft:cobblestone":21,"minecraft:sugar_cane":2,"minecraft:diorite":51,"minecraft:blue_bed":21,"minecraft:wall_torch":1,"minecraft:wheat":4,"minecraft:ice":165,"minecraft:white_carpet":2,"minecraft:spruce_log":163,"minecraft:coal_ore":75,"minecraft:beetroots":6,"minecraft:gravel":10,"minecraft:dirt":89,"minecraft:deepslate":49,"minecraft:fern":2,"minecraft:suspicious_gravel":2},"minecraft:killed_by":{"minecraft:zombie":2}},"DataVersion":3953}