{"stats":{"minecraft:used":{"minecraft:spruce_log":1},"minecraft:mined":{"minecraft:short_grass":1,"minecraft:grass_block":1,"minecraft:spruce_log":8,"minecraft:spruce_leaves":3,"minecraft:sugar_cane":2},"minecraft:custom":{"minecraft:open_chest":1,"minecraft:time_since_rest":7314,"minecraft:sprint_one_cm":31215,"minecraft:play_time":7314,"minecraft:walk_one_cm":7394,"minecraft:jump":139,"minecraft:leave_game":2,"minecraft:time_since_death":7314,"minecraft:total_world_time":7314,"minecraft:fall_one_cm":3255,"minecraft:fly_one_cm":50897},"minecraft:picked_up":{"minecraft:arrow":8,"minecraft:bone":4,"minecraft:rotten_flesh":3,"minecraft:wheat_seeds":1,"minecraft:spruce_sapling":1,"minecraft:spruce_log":8,"minecraft:sugar_cane":14,"minecraft:dirt":1},"minecraft:crafted":{"minecraft:crafting_table":1,"minecraft:spruce_planks":28}},"DataVersion":3953}