{"stats":{"minecraft:broken":{"minecraft:iron_shovel":1,"minecraft:iron_axe":1,"minecraft:stone_axe":1,"minecraft:iron_pickaxe":2},"minecraft:dropped":{"minecraft:water_bucket":1,"minecraft:bread":1,"minecraft:wheat_seeds":4,"minecraft:baked_potato":2,"minecraft:cobblestone":10,"minecraft:granite":2,"minecraft:stick":1,"minecraft:dirt":8,"minecraft:rabbit":1,"minecraft:snowball":19,"minecraft:iron_leggings":1,"minecraft:iron_pickaxe":1,"minecraft:paper":1,"minecraft:spruce_sapling":5,"minecraft:bone":9,"minecraft:gravel":1,"minecraft:stone_axe":2,"minecraft:kelp":3,"minecraft:sugar_cane":3,"minecraft:beetroot":4,"minecraft:white_bed":2,"minecraft:poppy":6,"minecraft:rabbit_hide":1,"minecraft:potato":7,"minecraft:shield":2,"minecraft:andesite":3,"minecraft:beetroot_seeds":12,"minecraft:spruce_wood":1,"minecraft:wooden_pickaxe":3,"minecraft:stone_pickaxe":1},"minecraft:used":{"minecraft:iron_shovel":310,"minecraft:flint_and_steel":3,"minecraft:spruce_slab":5,"minecraft:chest":7,"minecraft:spruce_planks":45,"minecraft:shield":22,"minecraft:stone":30,"minecraft:cooked_salmon":3,"minecraft:torch":126,"minecraft:dirt":57,"minecraft:carrot":27,"minecraft:snowball":6,"minecraft:spruce_boat":14,"minecraft:iron_axe":378,"minecraft:iron_boots":1,"minecraft:furnace":6,"minecraft:cooked_cod":3,"minecraft:potato":60,"minecraft:cobbled_deepslate":1,"minecraft:pumpkin":5,"minecraft:iron_leggings":1,"minecraft:wheat_seeds":9,"minecraft:water_bucket":16,"minecraft:diorite":24,"minecraft:snow_block":4,"minecraft:stone_pickaxe":119,"minecraft:baked_potato":41,"minecraft:ender_pearl":1,"minecraft:wooden_pickaxe":4,"minecraft:blue_bed":22,"minecraft:crafting_table":18,"minecraft:white_bed":4,"minecraft:shears":2,"minecraft:spruce_log":47,"minecraft:bread":7,"minecraft:iron_pickaxe":713,"minecraft:spruce_trapdoor":7,"minecraft:spruce_sapling":41,"minecraft:stone_axe":75,"minecraft:cobblestone":77,"minecraft:bucket":17},"minecraft:custom":{"minecraft:mob_kills":35,"minecraft:interact_with_crafting_table":47,"minecraft:open_barrel":26,"minecraft:bell_ring":18,"minecraft:leave_game":18,"minecraft:time_since_death":70289,"minecraft:climb_one_cm":2248,"minecraft:sprint_one_cm":1012949,"minecraft:walk_one_cm":1420189,"minecraft:damage_blocked_by_shield":1278,"minecraft:drop":41,"minecraft:talked_to_villager":22,"minecraft:play_time":568317,"minecraft:deaths":2,"minecraft:sneak_time":4657,"minecraft:walk_under_water_one_cm":30516,"minecraft:boat_one_cm":451375,"minecraft:jump":4449,"minecraft:interact_with_blast_furnace":5,"minecraft:walk_on_water_one_cm":21722,"minecraft:total_world_time":568317,"minecraft:interact_with_furnace":27,"minecraft:sleep_in_bed":42,"minecraft:time_since_rest":12512,"minecraft:damage_taken":2364,"minecraft:damage_dealt":14433,"minecraft:swim_one_cm":23889,"minecraft:fly_one_cm":704181,"minecraft:open_chest":53,"minecraft:crouch_one_cm":15426,"minecraft:interact_with_smoker":15,"minecraft:fall_one_cm":69281},"minecraft:picked_up":{"minecraft:crafting_table":10,"minecraft:iron_chestplate":2,"minecraft:wheat":27,"minecraft:wooden_pickaxe":2,"minecraft:gold_block":1,"minecraft:shield":2,"minecraft:string":5,"minecraft:raw_copper":171,"minecraft:iron_axe":2,"minecraft:flint_and_steel":3,"minecraft:iron_leggings":3,"minecraft:white_carpet":2,"minecraft:iron_shovel":4,"minecraft:beetroot":4,"minecraft:gold_nugget":18,"minecraft:cobbled_deepslate":73,"minecraft:spruce_planks":93,"minecraft:spruce_slab":8,"minecraft:poppy":16,"minecraft:iron_pickaxe":3,"minecraft:sugar_cane":36,"minecraft:chest":4,"minecraft:spruce_trapdoor":1,"minecraft:phantom_membrane":1,"minecraft:iron_boots":1,"minecraft:furnace":6,"minecraft:stick":75,"minecraft:raw_iron":69,"minecraft:stone":68,"minecraft:composter":1,"minecraft:torch":103,"minecraft:golden_axe":1,"minecraft:diorite":62,"minecraft:carrot":36,"minecraft:redstone":5,"minecraft:rabbit_foot":1,"minecraft:stone_sword":1,"minecraft:arrow":21,"minecraft:rotten_flesh":22,"minecraft:beetroot_seeds":12,"minecraft:shears":2,"minecraft:snowball":188,"minecraft:cobblestone":423,"minecraft:andesite":10,"minecraft:leather":6,"minecraft:potato":200,"minecraft:flint":1,"minecraft:tuff":6,"minecraft:gunpowder":6,"minecraft:paper":4,"minecraft:dirt":331,"minecraft:blue_bed":24,"minecraft:bone":16,"minecraft:kelp":11,"minecraft:bow":2,"minecraft:wheat_seeds":45,"minecraft:rabbit_hide":2,"minecraft:stone_pickaxe":2,"minecraft:iron_ingot":73,"minecraft:rabbit":2,"minecraft:iron_sword":1,"minecraft:stone_hoe":1,"minecraft:oak_planks":1,"minecraft:pumpkin":41,"minecraft:gravel":11,"minecraft:sand":2,"minecraft:spruce_sapling":64,"minecraft:grass_block":1,"minecraft:white_bed":6,"minecraft:spruce_log":273,"minecraft:pumpkin_seeds":8,"minecraft:spruce_boat":15,"minecraft:stone_axe":2,"minecraft:iron_helmet":1,"minecraft:granite":21,"minecraft:bone_meal":5,"minecraft:bread":1,"minecraft:baked_potato":40,"minecraft:coal":230,"minecraft:ender_pearl":1},"minecraft:crafted":{"minecraft:furnace":1,"minecraft:stone":64,"minecraft:iron_boots":1,"minecraft:iron_axe":3,"minecraft:spruce_wood":3,"minecraft:spruce_slab":6,"minecraft:stone_pickaxe":1,"minecraft:chest":6,"minecraft:spruce_boat":2,"minecraft:crafting_table":9,"minecraft:spruce_planks":336,"minecraft:baked_potato":47,"minecraft:wooden_pickaxe":1,"minecraft:bucket":1,"minecraft:stone_axe":1,"minecraft:air":0,"minecraft:spruce_trapdoor":6,"minecraft:iron_chestplate":1,"minecraft:shield":3,"minecraft:stick":64,"minecraft:iron_ingot":9,"minecraft:iron_pickaxe":3,"minecraft:snow_block":4,"minecraft:iron_shovel":2,"minecraft:iron_leggings":2,"minecraft:torch":160,"minecraft:shears":1},"minecraft:killed":{"minecraft:spider":1,"minecraft:skeleton":8,"minecraft:iron_golem":12,"minecraft:wandering_trader":1,"minecraft:creeper":3,"minecraft:trader_llama":2,"minecraft:zombie":5,"minecraft:stray":2},"minecraft:mined":{"minecraft:tuff":6,"minecraft:spruce_planks":7,"minecraft:white_bed":6,"minecraft:spruce_trapdoor":3,"minecraft:granite":19,"minecraft:grass_block":195,"minecraft:spruce_leaves":54,"minecraft:kelp":3,"minecraft:composter":1,"minecraft:redstone_ore":1,"minecraft:furnace":4,"minecraft:carrots":8,"minecraft:iron_ore":64,"minecraft:fire":3,"minecraft:snow":71,"minecraft:andesite":12,"minecraft:pumpkin":17,"minecraft:gold_block":1,"minecraft:potatoes":49,"minecraft:deepslate_iron_ore":3,"minecraft:packed_ice":1,"minecraft:stone":282,"minecraft:spruce_slab":2,"minecraft:kelp_plant":3,"minecraft:crafting_table":11,"minecraft:torch":6,"minecraft:short_grass":110,"minecraft:chest":2,"minecraft:copper_ore":22,"minecraft:cobblestone":24,"minecraft:sugar_cane":6,"minecraft:diorite":51,"minecraft:blue_bed":21,"minecraft:wall_torch":1,"minecraft:wheat":4,"minecraft:ice":165,"minecraft:white_carpet":2,"minecraft:spruce_log":188,"minecraft:coal_ore":112,"minecraft:beetroots":6,"minecraft:sand":1,"minecraft:gravel":10,"minecraft:dirt":91,"minecraft:deepslate":49,"minecraft:fern":2,"minecraft:suspicious_gravel":2},"minecraft:killed_by":{"minecraft:zombie":2}},"DataVersion":3953}