{"stats":{"minecraft:dropped":{"minecraft:water_bucket":1,"minecraft:bread":1,"minecraft:wheat_seeds":4,"minecraft:baked_potato":2,"minecraft:cobblestone":10,"minecraft:granite":2,"minecraft:stick":1,"minecraft:dirt":8,"minecraft:rabbit":1,"minecraft:snowball":19,"minecraft:iron_leggings":1,"minecraft:iron_pickaxe":1,"minecraft:paper":1,"minecraft:spruce_sapling":5,"minecraft:bone":9,"minecraft:gravel":1,"minecraft:stone_axe":2,"minecraft:kelp":3,"minecraft:sugar_cane":3,"minecraft:beetroot":4,"minecraft:white_bed":1,"minecraft:poppy":6,"minecraft:rabbit_hide":1,"minecraft:potato":7,"minecraft:andesite":3,"minecraft:beetroot_seeds":12,"minecraft:spruce_wood":1,"minecraft:wooden_pickaxe":3,"minecraft:stone_pickaxe":1},"minecraft:broken":{"minecraft:stone_axe":1,"minecraft:iron_pickaxe":2},"minecraft:used":{"minecraft:iron_shovel":14,"minecraft:flint_and_steel":3,"minecraft:spruce_slab":5,"minecraft:chest":5,"minecraft:spruce_planks":3,"minecraft:shield":1,"minecraft:cooked_salmon":3,"minecraft:torch":78,"minecraft:dirt":25,"minecraft:snowball":2,"minecraft:spruce_boat":12,"minecraft:iron_axe":142,"minecraft:iron_boots":1,"minecraft:furnace":2,"minecraft:cooked_cod":3,"minecraft:potato":7,"minecraft:cobbled_deepslate":1,"minecraft:iron_leggings":1,"minecraft:water_bucket":16,"minecraft:diorite":24,"minecraft:stone_pickaxe":119,"minecraft:baked_potato":22,"minecraft:ender_pearl":1,"minecraft:wooden_pickaxe":4,"minecraft:blue_bed":14,"minecraft:crafting_table":14,"minecraft:spruce_log":1,"minecraft:bread":7,"minecraft:iron_pickaxe":509,"minecraft:spruce_sapling":15,"minecraft:stone_axe":75,"minecraft:cobblestone":27,"minecraft:bucket":17},"minecraft:custom":{"minecraft:mob_kills":9,"minecraft:interact_with_crafting_table":29,"minecraft:open_barrel":15,"minecraft:bell_ring":11,"minecraft:leave_game":12,"minecraft:time_since_death":307395,"minecraft:sprint_one_cm":636250,"minecraft:walk_one_cm":694885,"minecraft:damage_blocked_by_shield":78,"minecraft:drop":38,"minecraft:talked_to_villager":13,"minecraft:play_time":307395,"minecraft:sneak_time":3122,"minecraft:walk_under_water_one_cm":21535,"minecraft:boat_one_cm":331875,"minecraft:jump":2522,"minecraft:interact_with_blast_furnace":2,"minecraft:walk_on_water_one_cm":16953,"minecraft:total_world_time":307395,"minecraft:interact_with_furnace":14,"minecraft:sleep_in_bed":24,"minecraft:time_since_rest":12910,"minecraft:damage_taken":807,"minecraft:damage_dealt":6583,"minecraft:swim_one_cm":23889,"minecraft:fly_one_cm":470560,"minecraft:open_chest":39,"minecraft:crouch_one_cm":9595,"minecraft:interact_with_smoker":4,"minecraft:fall_one_cm":37522},"minecraft:mined":{"minecraft:tuff":6,"minecraft:spruce_planks":3,"minecraft:white_bed":1,"minecraft:granite":19,"minecraft:grass_block":17,"minecraft:spruce_leaves":31,"minecraft:composter":1,"minecraft:kelp":3,"minecraft:redstone_ore":1,"minecraft:furnace":2,"minecraft:carrots":1,"minecraft:iron_ore":56,"minecraft:fire":3,"minecraft:snow":7,"minecraft:andesite":11,"minecraft:pumpkin":14,"minecraft:gold_block":1,"minecraft:potatoes":10,"minecraft:deepslate_iron_ore":3,"minecraft:packed_ice":1,"minecraft:stone":146,"minecraft:spruce_slab":2,"minecraft:kelp_plant":3,"minecraft:crafting_table":10,"minecraft:torch":5,"minecraft:short_grass":106,"minecraft:chest":2,"minecraft:copper_ore":15,"minecraft:cobblestone":16,"minecraft:sugar_cane":2,"minecraft:diorite":51,"minecraft:blue_bed":15,"minecraft:wall_torch":1,"minecraft:wheat":1,"minecraft:ice":163,"minecraft:white_carpet":2,"minecraft:spruce_log":88,"minecraft:coal_ore":75,"minecraft:beetroots":6,"minecraft:gravel":10,"minecraft:dirt":18,"minecraft:deepslate":49,"minecraft:fern":2,"minecraft:suspicious_gravel":2},"minecraft:picked_up":{"minecraft:crafting_table":9,"minecraft:wheat":1,"minecraft:wooden_pickaxe":2,"minecraft:gold_block":1,"minecraft:string":2,"minecraft:raw_copper":48,"minecraft:flint_and_steel":1,"minecraft:white_carpet":2,"minecraft:beetroot":4,"minecraft:cobbled_deepslate":49,"minecraft:spruce_planks":3,"minecraft:spruce_slab":8,"minecraft:poppy":7,"minecraft:iron_pickaxe":1,"minecraft:chest":2,"minecraft:sugar_cane":14,"minecraft:furnace":2,"minecraft:stick":16,"minecraft:raw_iron":59,"minecraft:composter":1,"minecraft:torch":11,"minecraft:diorite":51,"minecraft:carrot":5,"minecraft:redstone":5,"minecraft:arrow":11,"minecraft:rotten_flesh":7,"minecraft:beetroot_seeds":12,"minecraft:snowball":42,"minecraft:cobblestone":159,"minecraft:andesite":9,"minecraft:potato":18,"minecraft:flint":1,"minecraft:tuff":6,"minecraft:blue_bed":15,"minecraft:dirt":63,"minecraft:bone":9,"minecraft:kelp":11,"minecraft:wheat_seeds":10,"minecraft:rabbit_hide":1,"minecraft:iron_ingot":28,"minecraft:rabbit":1,"minecraft:pumpkin":14,"minecraft:gravel":11,"minecraft:spruce_sapling":25,"minecraft:white_bed":1,"minecraft:grass_block":1,"minecraft:spruce_log":88,"minecraft:stone_axe":2,"minecraft:spruce_boat":11,"minecraft:granite":21,"minecraft:bread":1,"minecraft:baked_potato":12,"minecraft:coal":141,"minecraft:ender_pearl":1},"minecraft:crafted":{"minecraft:iron_boots":1,"minecraft:iron_axe":1,"minecraft:spruce_wood":3,"minecraft:spruce_slab":6,"minecraft:stone_pickaxe":1,"minecraft:chest":4,"minecraft:spruce_boat":2,"minecraft:crafting_table":7,"minecraft:spruce_planks":144,"minecraft:wooden_pickaxe":1,"minecraft:baked_potato":13,"minecraft:bucket":1,"minecraft:stone_axe":1,"minecraft:air":0,"minecraft:iron_chestplate":1,"minecraft:shield":1,"minecraft:stick":28,"minecraft:iron_ingot":3,"minecraft:iron_pickaxe":3,"minecraft:snow_block":2,"minecraft:iron_shovel":1,"minecraft:iron_leggings":2,"minecraft:torch":88,"minecraft:shears":1},"minecraft:killed":{"minecraft:spider":1,"minecraft:iron_golem":7,"minecraft:stray":1}},"DataVersion":3953}