{"stats":{"minecraft:dropped":{"minecraft:bread":1,"minecraft:stone_axe":2,"minecraft:andesite":3,"minecraft:stone_pickaxe":1,"minecraft:wooden_pickaxe":3},"minecraft:crafted":{"minecraft:crafting_table":2,"minecraft:spruce_planks":80,"minecraft:wooden_pickaxe":1,"minecraft:baked_potato":6,"minecraft:stone_axe":1,"minecraft:air":0,"minecraft:shield":1,"minecraft:iron_axe":1,"minecraft:stick":16,"minecraft:iron_pickaxe":1,"minecraft:stone_pickaxe":1,"minecraft:spruce_boat":1,"minecraft:torch":20},"minecraft:used":{"minecraft:stone_pickaxe":119,"minecraft:baked_potato":6,"minecraft:wooden_pickaxe":4,"minecraft:blue_bed":2,"minecraft:torch":6,"minecraft:dirt":22,"minecraft:crafting_table":6,"minecraft:snowball":2,"minecraft:spruce_log":1,"minecraft:spruce_boat":1,"minecraft:iron_axe":1,"minecraft:bread":7,"minecraft:iron_pickaxe":2,"minecraft:stone_axe":68,"minecraft:cobblestone":4},"minecraft:custom":{"minecraft:interact_with_furnace":5,"minecraft:mob_kills":6,"minecraft:interact_with_crafting_table":7,"minecraft:open_barrel":3,"minecraft:bell_ring":10,"minecraft:leave_game":6,"minecraft:time_since_death":145875,"minecraft:sleep_in_bed":11,"minecraft:time_since_rest":9649,"minecraft:sprint_one_cm":239489,"minecraft:damage_taken":368,"minecraft:walk_one_cm":216977,"minecraft:drop":8,"minecraft:damage_dealt":3694,"minecraft:swim_one_cm":8227,"minecraft:talked_to_villager":1,"minecraft:fly_one_cm":229707,"minecraft:open_chest":6,"minecraft:crouch_one_cm":572,"minecraft:play_time":145875,"minecraft:sneak_time":296,"minecraft:walk_under_water_one_cm":5953,"minecraft:boat_one_cm":90255,"minecraft:jump":1086,"minecraft:walk_on_water_one_cm":2237,"minecraft:total_world_time":145875,"minecraft:fall_one_cm":18301},"minecraft:picked_up":{"minecraft:crafting_table":5,"minecraft:wheat":1,"minecraft:andesite":3,"minecraft:wooden_pickaxe":2,"minecraft:potato":13,"minecraft:gold_block":1,"minecraft:dirt":23,"minecraft:string":2,"minecraft:blue_bed":3,"minecraft:raw_copper":48,"minecraft:flint_and_steel":1,"minecraft:bone":9,"minecraft:kelp":3,"minecraft:wheat_seeds":4,"minecraft:rabbit_hide":1,"minecraft:iron_ingot":17,"minecraft:poppy":6,"minecraft:rabbit":1,"minecraft:sugar_cane":14,"minecraft:furnace":1,"minecraft:stick":1,"minecraft:pumpkin":4,"minecraft:spruce_sapling":5,"minecraft:carrot":1,"minecraft:spruce_log":21,"minecraft:arrow":11,"minecraft:rotten_flesh":5,"minecraft:stone_axe":1,"minecraft:bread":1,"minecraft:coal":29,"minecraft:snowball":16,"minecraft:cobblestone":82},"minecraft:killed":{"minecraft:spider":1,"minecraft:iron_golem":4,"minecraft:stray":1},"minecraft:mined":{"minecraft:crafting_table":5,"minecraft:short_grass":15,"minecraft:grass_block":3,"minecraft:copper_ore":15,"minecraft:spruce_leaves":11,"minecraft:sugar_cane":2,"minecraft:blue_bed":3,"minecraft:furnace":1,"minecraft:carrots":1,"minecraft:wheat":1,"minecraft:spruce_log":21,"minecraft:andesite":5,"minecraft:pumpkin":4,"minecraft:gold_block":1,"minecraft:potatoes":9,"minecraft:coal_ore":16,"minecraft:dirt":8,"minecraft:packed_ice":1,"minecraft:stone":81,"minecraft:fern":2}},"DataVersion":3953}