{"stats":{"minecraft:mined":{"minecraft:short_grass":1,"minecraft:grass_block":1,"minecraft:stone":4,"minecraft:spruce_leaves":6,"minecraft:spruce_log":14,"minecraft:sugar_cane":2,"minecraft:crafting_table":2},"minecraft:custom":{"minecraft:open_chest":1,"minecraft:time_since_rest":5434,"minecraft:play_time":22813,"minecraft:sprint_one_cm":44449,"minecraft:walk_one_cm":47577,"minecraft:jump":200,"minecraft:leave_game":3,"minecraft:time_since_death":22813,"minecraft:total_world_time":22813,"minecraft:sleep_in_bed":2,"minecraft:interact_with_crafting_table":3,"minecraft:fall_one_cm":3942,"minecraft:fly_one_cm":60217},"minecraft:crafted":{"minecraft:crafting_table":1,"minecraft:spruce_planks":52,"minecraft:stick":4,"minecraft:wooden_pickaxe":1},"minecraft:used":{"minecraft:crafting_table":3,"minecraft:wooden_pickaxe":4,"minecraft:spruce_log":1},"minecraft:picked_up":{"minecraft:stick":1,"minecraft:crafting_table":2,"minecraft:arrow":8,"minecraft:bone":4,"minecraft:rotten_flesh":3,"minecraft:wheat_seeds":1,"minecraft:rabbit_hide":1,"minecraft:spruce_sapling":4,"minecraft:rabbit":1,"minecraft:spruce_log":14,"minecraft:sugar_cane":14,"minecraft:dirt":1,"minecraft:cobblestone":4}},"DataVersion":3953}