{"stats":{"minecraft:dropped":{"minecraft:gravel":1,"minecraft:bread":1,"minecraft:stone_axe":2,"minecraft:kelp":3,"minecraft:sugar_cane":3,"minecraft:wheat_seeds":4,"minecraft:baked_potato":2,"minecraft:cobblestone":9,"minecraft:granite":2,"minecraft:stick":1,"minecraft:poppy":6,"minecraft:rabbit_hide":1,"minecraft:dirt":8,"minecraft:potato":7,"minecraft:andesite":3,"minecraft:rabbit":1,"minecraft:spruce_wood":1,"minecraft:snowball":19,"minecraft:wooden_pickaxe":3,"minecraft:stone_pickaxe":1,"minecraft:iron_pickaxe":1,"minecraft:paper":1,"minecraft:spruce_sapling":5},"minecraft:used":{"minecraft:water_bucket":4,"minecraft:spruce_slab":3,"minecraft:stone_pickaxe":119,"minecraft:baked_potato":8,"minecraft:chest":2,"minecraft:wooden_pickaxe":4,"minecraft:blue_bed":7,"minecraft:cooked_salmon":3,"minecraft:torch":17,"minecraft:dirt":22,"minecraft:crafting_table":9,"minecraft:snowball":2,"minecraft:spruce_log":1,"minecraft:spruce_boat":7,"minecraft:iron_axe":29,"minecraft:bread":7,"minecraft:iron_pickaxe":100,"minecraft:stone_axe":68,"minecraft:cobblestone":9,"minecraft:cooked_cod":3,"minecraft:bucket":5},"minecraft:mined":{"minecraft:kelp_plant":3,"minecraft:torch":3,"minecraft:crafting_table":6,"minecraft:short_grass":106,"minecraft:grass_block":6,"minecraft:copper_ore":15,"minecraft:cobblestone":6,"minecraft:spruce_leaves":11,"minecraft:sugar_cane":2,"minecraft:kelp":3,"minecraft:blue_bed":8,"minecraft:furnace":1,"minecraft:carrots":1,"minecraft:wheat":1,"minecraft:ice":75,"minecraft:spruce_log":46,"minecraft:andesite":5,"minecraft:pumpkin":4,"minecraft:gold_block":1,"minecraft:potatoes":9,"minecraft:coal_ore":31,"minecraft:gravel":2,"minecraft:dirt":13,"minecraft:packed_ice":1,"minecraft:stone":82,"minecraft:spruce_slab":2,"minecraft:fern":2,"minecraft:suspicious_gravel":2},"minecraft:custom":{"minecraft:interact_with_furnace":5,"minecraft:mob_kills":6,"minecraft:interact_with_crafting_table":11,"minecraft:open_barrel":3,"minecraft:bell_ring":10,"minecraft:leave_game":8,"minecraft:time_since_death":206022,"minecraft:sleep_in_bed":17,"minecraft:time_since_rest":8055,"minecraft:sprint_one_cm":399202,"minecraft:damage_taken":478,"minecraft:walk_one_cm":321059,"minecraft:drop":31,"minecraft:damage_dealt":3694,"minecraft:swim_one_cm":22629,"minecraft:fly_one_cm":355473,"minecraft:talked_to_villager":1,"minecraft:open_chest":22,"minecraft:crouch_one_cm":1825,"minecraft:play_time":206022,"minecraft:sneak_time":947,"minecraft:walk_under_water_one_cm":11602,"minecraft:boat_one_cm":310585,"minecraft:jump":1609,"minecraft:walk_on_water_one_cm":11574,"minecraft:total_world_time":206022,"minecraft:fall_one_cm":28307},"minecraft:picked_up":{"minecraft:crafting_table":6,"minecraft:wheat":1,"minecraft:andesite":3,"minecraft:wooden_pickaxe":2,"minecraft:potato":13,"minecraft:gold_block":1,"minecraft:dirt":30,"minecraft:blue_bed":8,"minecraft:string":2,"minecraft:raw_copper":48,"minecraft:flint_and_steel":1,"minecraft:bone":9,"minecraft:kelp":11,"minecraft:wheat_seeds":8,"minecraft:rabbit_hide":1,"minecraft:iron_ingot":17,"minecraft:spruce_slab":2,"minecraft:iron_pickaxe":1,"minecraft:poppy":6,"minecraft:rabbit":1,"minecraft:sugar_cane":14,"minecraft:furnace":1,"minecraft:stick":6,"minecraft:pumpkin":4,"minecraft:torch":6,"minecraft:gravel":1,"minecraft:spruce_sapling":10,"minecraft:spruce_log":46,"minecraft:carrot":3,"minecraft:arrow":11,"minecraft:rotten_flesh":6,"minecraft:spruce_boat":6,"minecraft:stone_axe":1,"minecraft:granite":2,"minecraft:bread":1,"minecraft:baked_potato":4,"minecraft:snowball":16,"minecraft:coal":43,"minecraft:cobblestone":84},"minecraft:crafted":{"minecraft:crafting_table":3,"minecraft:spruce_planks":88,"minecraft:wooden_pickaxe":1,"minecraft:baked_potato":6,"minecraft:bucket":1,"minecraft:stone_axe":1,"minecraft:air":0,"minecraft:shield":1,"minecraft:spruce_slab":6,"minecraft:spruce_wood":3,"minecraft:iron_axe":1,"minecraft:stick":16,"minecraft:iron_pickaxe":1,"minecraft:stone_pickaxe":1,"minecraft:chest":2,"minecraft:spruce_boat":1,"minecraft:torch":20},"minecraft:killed":{"minecraft:spider":1,"minecraft:iron_golem":4,"minecraft:stray":1}},"DataVersion":3953}