{"stats":{"minecraft:dropped":{"minecraft:water_bucket":1,"minecraft:bread":1,"minecraft:wheat_seeds":4,"minecraft:baked_potato":2,"minecraft:cobblestone":10,"minecraft:granite":2,"minecraft:stick":1,"minecraft:dirt":8,"minecraft:rabbit":1,"minecraft:snowball":19,"minecraft:iron_leggings":1,"minecraft:iron_pickaxe":1,"minecraft:paper":1,"minecraft:spruce_sapling":5,"minecraft:bone":9,"minecraft:gravel":1,"minecraft:stone_axe":2,"minecraft:kelp":3,"minecraft:sugar_cane":3,"minecraft:poppy":6,"minecraft:rabbit_hide":1,"minecraft:potato":7,"minecraft:andesite":3,"minecraft:spruce_wood":1,"minecraft:wooden_pickaxe":3,"minecraft:stone_pickaxe":1},"minecraft:broken":{"minecraft:iron_pickaxe":2},"minecraft:used":{"minecraft:flint_and_steel":3,"minecraft:spruce_slab":5,"minecraft:spruce_planks":3,"minecraft:chest":4,"minecraft:cooked_salmon":3,"minecraft:torch":78,"minecraft:dirt":25,"minecraft:snowball":2,"minecraft:spruce_boat":12,"minecraft:iron_axe":130,"minecraft:iron_boots":1,"minecraft:furnace":1,"minecraft:cooked_cod":3,"minecraft:potato":7,"minecraft:cobbled_deepslate":1,"minecraft:iron_leggings":1,"minecraft:water_bucket":16,"minecraft:diorite":24,"minecraft:stone_pickaxe":119,"minecraft:baked_potato":20,"minecraft:ender_pearl":1,"minecraft:wooden_pickaxe":4,"minecraft:blue_bed":14,"minecraft:crafting_table":12,"minecraft:spruce_log":1,"minecraft:bread":7,"minecraft:iron_pickaxe":506,"minecraft:spruce_sapling":14,"minecraft:stone_axe":74,"minecraft:cobblestone":25,"minecraft:bucket":17},"minecraft:custom":{"minecraft:mob_kills":9,"minecraft:interact_with_crafting_table":25,"minecraft:open_barrel":15,"minecraft:bell_ring":11,"minecraft:leave_game":11,"minecraft:time_since_death":295484,"minecraft:sprint_one_cm":572388,"minecraft:walk_one_cm":666936,"minecraft:drop":35,"minecraft:talked_to_villager":10,"minecraft:play_time":295484,"minecraft:sneak_time":2572,"minecraft:walk_under_water_one_cm":21535,"minecraft:boat_one_cm":331875,"minecraft:jump":2375,"minecraft:walk_on_water_one_cm":16885,"minecraft:total_world_time":295484,"minecraft:interact_with_furnace":11,"minecraft:sleep_in_bed":24,"minecraft:time_since_rest":999,"minecraft:damage_taken":761,"minecraft:damage_dealt":6493,"minecraft:swim_one_cm":23889,"minecraft:fly_one_cm":438573,"minecraft:open_chest":29,"minecraft:crouch_one_cm":7096,"minecraft:fall_one_cm":34689},"minecraft:mined":{"minecraft:tuff":6,"minecraft:spruce_planks":3,"minecraft:granite":19,"minecraft:grass_block":10,"minecraft:spruce_leaves":29,"minecraft:composter":1,"minecraft:kelp":3,"minecraft:redstone_ore":1,"minecraft:furnace":1,"minecraft:carrots":1,"minecraft:iron_ore":56,"minecraft:fire":3,"minecraft:pumpkin":14,"minecraft:andesite":11,"minecraft:gold_block":1,"minecraft:potatoes":10,"minecraft:deepslate_iron_ore":3,"minecraft:packed_ice":1,"minecraft:stone":146,"minecraft:spruce_slab":2,"minecraft:kelp_plant":3,"minecraft:crafting_table":8,"minecraft:torch":5,"minecraft:short_grass":106,"minecraft:copper_ore":15,"minecraft:cobblestone":14,"minecraft:sugar_cane":2,"minecraft:diorite":51,"minecraft:blue_bed":15,"minecraft:wall_torch":1,"minecraft:wheat":1,"minecraft:ice":163,"minecraft:white_carpet":2,"minecraft:spruce_log":83,"minecraft:coal_ore":75,"minecraft:beetroots":6,"minecraft:gravel":10,"minecraft:dirt":18,"minecraft:deepslate":49,"minecraft:fern":2,"minecraft:suspicious_gravel":2},"minecraft:picked_up":{"minecraft:crafting_table":7,"minecraft:wheat":1,"minecraft:wooden_pickaxe":2,"minecraft:gold_block":1,"minecraft:string":2,"minecraft:raw_copper":48,"minecraft:flint_and_steel":1,"minecraft:white_carpet":2,"minecraft:beetroot":4,"minecraft:cobbled_deepslate":49,"minecraft:spruce_planks":3,"minecraft:iron_pickaxe":1,"minecraft:poppy":7,"minecraft:spruce_slab":2,"minecraft:sugar_cane":14,"minecraft:furnace":1,"minecraft:stick":14,"minecraft:raw_iron":59,"minecraft:composter":1,"minecraft:torch":11,"minecraft:diorite":51,"minecraft:carrot":3,"minecraft:redstone":5,"minecraft:arrow":11,"minecraft:rotten_flesh":7,"minecraft:beetroot_seeds":12,"minecraft:snowball":16,"minecraft:cobblestone":159,"minecraft:andesite":9,"minecraft:potato":16,"minecraft:flint":1,"minecraft:tuff":6,"minecraft:blue_bed":15,"minecraft:dirt":38,"minecraft:bone":9,"minecraft:kelp":11,"minecraft:wheat_seeds":8,"minecraft:rabbit_hide":1,"minecraft:iron_ingot":28,"minecraft:rabbit":1,"minecraft:pumpkin":14,"minecraft:gravel":11,"minecraft:spruce_sapling":23,"minecraft:grass_block":1,"minecraft:spruce_log":83,"minecraft:stone_axe":2,"minecraft:spruce_boat":11,"minecraft:granite":21,"minecraft:bread":1,"minecraft:baked_potato":12,"minecraft:coal":86,"minecraft:ender_pearl":1},"minecraft:crafted":{"minecraft:iron_boots":1,"minecraft:iron_axe":1,"minecraft:spruce_wood":3,"minecraft:spruce_slab":6,"minecraft:stone_pickaxe":1,"minecraft:chest":4,"minecraft:spruce_boat":2,"minecraft:crafting_table":6,"minecraft:spruce_planks":140,"minecraft:wooden_pickaxe":1,"minecraft:baked_potato":12,"minecraft:bucket":1,"minecraft:stone_axe":1,"minecraft:air":0,"minecraft:iron_chestplate":1,"minecraft:shield":1,"minecraft:stick":28,"minecraft:iron_pickaxe":3,"minecraft:iron_leggings":2,"minecraft:torch":88},"minecraft:killed":{"minecraft:spider":1,"minecraft:iron_golem":7,"minecraft:stray":1}},"DataVersion":3953}