{"stats":{"minecraft:dropped":{"minecraft:bread":1,"minecraft:stone_axe":1,"minecraft:wooden_pickaxe":3},"minecraft:crafted":{"minecraft:crafting_table":1,"minecraft:spruce_planks":52,"minecraft:stick":12,"minecraft:wooden_pickaxe":1,"minecraft:stone_pickaxe":1,"minecraft:torch":20,"minecraft:stone_axe":1},"minecraft:used":{"minecraft:bread":5,"minecraft:stone_pickaxe":95,"minecraft:wooden_pickaxe":4,"minecraft:stone_axe":23,"minecraft:torch":4,"minecraft:dirt":1,"minecraft:cobblestone":4,"minecraft:crafting_table":4,"minecraft:spruce_log":1},"minecraft:picked_up":{"minecraft:stick":1,"minecraft:crafting_table":4,"minecraft:pumpkin":4,"minecraft:andesite":1,"minecraft:wooden_pickaxe":2,"minecraft:spruce_sapling":5,"minecraft:spruce_log":21,"minecraft:string":2,"minecraft:dirt":14,"minecraft:raw_copper":48,"minecraft:arrow":11,"minecraft:bone":9,"minecraft:rotten_flesh":5,"minecraft:stone_axe":1,"minecraft:wheat_seeds":1,"minecraft:rabbit_hide":1,"minecraft:bread":1,"minecraft:rabbit":1,"minecraft:sugar_cane":14,"minecraft:coal":16,"minecraft:snowball":16,"minecraft:cobblestone":61},"minecraft:custom":{"minecraft:time_since_rest":6460,"minecraft:interact_with_furnace":1,"minecraft:sprint_one_cm":124599,"minecraft:damage_taken":100,"minecraft:walk_one_cm":160417,"minecraft:mob_kills":2,"minecraft:drop":5,"minecraft:damage_dealt":260,"minecraft:talked_to_villager":1,"minecraft:interact_with_crafting_table":5,"minecraft:fly_one_cm":129231,"minecraft:open_chest":4,"minecraft:play_time":115875,"minecraft:bell_ring":2,"minecraft:jump":582,"minecraft:leave_game":6,"minecraft:time_since_death":115875,"minecraft:sleep_in_bed":9,"minecraft:total_world_time":115875,"minecraft:fall_one_cm":12120},"minecraft:killed":{"minecraft:stray":1,"minecraft:spider":1},"minecraft:mined":{"minecraft:spruce_log":21,"minecraft:andesite":1,"minecraft:pumpkin":4,"minecraft:crafting_table":4,"minecraft:short_grass":15,"minecraft:grass_block":2,"minecraft:coal_ore":16,"minecraft:packed_ice":1,"minecraft:copper_ore":15,"minecraft:spruce_leaves":11,"minecraft:stone":62,"minecraft:sugar_cane":2}},"DataVersion":3953}