{"stats":{"minecraft:dropped":{"minecraft:stone_axe":1,"minecraft:wooden_pickaxe":1},"minecraft:crafted":{"minecraft:crafting_table":1,"minecraft:spruce_planks":52,"minecraft:stick":12,"minecraft:wooden_pickaxe":1,"minecraft:stone_pickaxe":1,"minecraft:stone_axe":1},"minecraft:used":{"minecraft:bread":3,"minecraft:stone_pickaxe":22,"minecraft:wooden_pickaxe":4,"minecraft:stone_axe":22,"minecraft:crafting_table":4,"minecraft:spruce_log":1},"minecraft:picked_up":{"minecraft:stick":1,"minecraft:crafting_table":4,"minecraft:pumpkin":4,"minecraft:spruce_sapling":5,"minecraft:spruce_log":21,"minecraft:string":2,"minecraft:dirt":1,"minecraft:arrow":10,"minecraft:bone":7,"minecraft:rotten_flesh":3,"minecraft:stone_axe":1,"minecraft:wheat_seeds":1,"minecraft:rabbit_hide":1,"minecraft:rabbit":1,"minecraft:sugar_cane":14,"minecraft:cobblestone":25},"minecraft:custom":{"minecraft:time_since_rest":25055,"minecraft:sprint_one_cm":63970,"minecraft:damage_taken":10,"minecraft:walk_one_cm":118066,"minecraft:mob_kills":2,"minecraft:drop":2,"minecraft:damage_dealt":240,"minecraft:talked_to_villager":1,"minecraft:interact_with_crafting_table":5,"minecraft:fly_one_cm":82802,"minecraft:open_chest":3,"minecraft:play_time":91875,"minecraft:jump":373,"minecraft:leave_game":6,"minecraft:time_since_death":91875,"minecraft:sleep_in_bed":6,"minecraft:total_world_time":91875,"minecraft:fall_one_cm":6988},"minecraft:killed":{"minecraft:stray":1,"minecraft:spider":1},"minecraft:mined":{"minecraft:spruce_log":21,"minecraft:pumpkin":4,"minecraft:crafting_table":4,"minecraft:short_grass":14,"minecraft:grass_block":1,"minecraft:spruce_leaves":11,"minecraft:stone":26,"minecraft:sugar_cane":2}},"DataVersion":3953}