{"stats":{"minecraft:mined":{"minecraft:spruce_log":21,"minecraft:crafting_table":4,"minecraft:short_grass":1,"minecraft:grass_block":1,"minecraft:spruce_leaves":11,"minecraft:stone":26,"minecraft:sugar_cane":2},"minecraft:dropped":{"minecraft:wooden_pickaxe":1},"minecraft:killed":{"minecraft:stray":1,"minecraft:spider":1},"minecraft:custom":{"minecraft:time_since_rest":9993,"minecraft:sprint_one_cm":44449,"minecraft:walk_one_cm":101586,"minecraft:mob_kills":2,"minecraft:drop":1,"minecraft:damage_dealt":230,"minecraft:talked_to_villager":1,"minecraft:interact_with_crafting_table":5,"minecraft:fly_one_cm":60269,"minecraft:open_chest":1,"minecraft:play_time":76813,"minecraft:jump":275,"minecraft:leave_game":3,"minecraft:time_since_death":76813,"minecraft:sleep_in_bed":6,"minecraft:total_world_time":76813,"minecraft:fall_one_cm":4420},"minecraft:crafted":{"minecraft:crafting_table":1,"minecraft:spruce_planks":52,"minecraft:stick":12,"minecraft:wooden_pickaxe":1,"minecraft:stone_pickaxe":1,"minecraft:stone_axe":1},"minecraft:used":{"minecraft:stone_pickaxe":22,"minecraft:wooden_pickaxe":4,"minecraft:stone_axe":17,"minecraft:crafting_table":4,"minecraft:spruce_log":1},"minecraft:picked_up":{"minecraft:stick":1,"minecraft:crafting_table":4,"minecraft:spruce_sapling":5,"minecraft:spruce_log":21,"minecraft:string":2,"minecraft:dirt":1,"minecraft:bone":7,"minecraft:arrow":10,"minecraft:rotten_flesh":3,"minecraft:wheat_seeds":1,"minecraft:rabbit_hide":1,"minecraft:rabbit":1,"minecraft:sugar_cane":14,"minecraft:cobblestone":25}},"DataVersion":3953}