{"stats":{"minecraft:dropped":{"minecraft:bread":1,"minecraft:stone_axe":1,"minecraft:wooden_pickaxe":3},"minecraft:crafted":{"minecraft:baked_potato":6,"minecraft:shield":1,"minecraft:iron_axe":1,"minecraft:crafting_table":1,"minecraft:spruce_planks":52,"minecraft:stick":16,"minecraft:iron_pickaxe":1,"minecraft:wooden_pickaxe":1,"minecraft:stone_pickaxe":1,"minecraft:torch":20,"minecraft:stone_axe":1,"minecraft:air":0},"minecraft:used":{"minecraft:bread":7,"minecraft:stone_pickaxe":119,"minecraft:baked_potato":4,"minecraft:blue_bed":1,"minecraft:wooden_pickaxe":4,"minecraft:stone_axe":68,"minecraft:torch":6,"minecraft:dirt":22,"minecraft:cobblestone":4,"minecraft:crafting_table":5,"minecraft:snowball":2,"minecraft:spruce_log":1},"minecraft:picked_up":{"minecraft:stick":1,"minecraft:crafting_table":4,"minecraft:pumpkin":4,"minecraft:andesite":3,"minecraft:wooden_pickaxe":2,"minecraft:potato":4,"minecraft:spruce_sapling":5,"minecraft:blue_bed":2,"minecraft:spruce_log":21,"minecraft:string":2,"minecraft:dirt":23,"minecraft:raw_copper":48,"minecraft:arrow":11,"minecraft:bone":9,"minecraft:rotten_flesh":5,"minecraft:stone_axe":1,"minecraft:wheat_seeds":1,"minecraft:rabbit_hide":1,"minecraft:iron_ingot":17,"minecraft:poppy":6,"minecraft:bread":1,"minecraft:rabbit":1,"minecraft:sugar_cane":14,"minecraft:coal":29,"minecraft:snowball":16,"minecraft:cobblestone":82,"minecraft:furnace":1},"minecraft:custom":{"minecraft:time_since_rest":10962,"minecraft:interact_with_furnace":4,"minecraft:sprint_one_cm":189953,"minecraft:damage_taken":278,"minecraft:walk_one_cm":198861,"minecraft:mob_kills":6,"minecraft:drop":5,"minecraft:damage_dealt":3644,"minecraft:talked_to_villager":1,"minecraft:interact_with_crafting_table":6,"minecraft:fly_one_cm":195384,"minecraft:open_chest":4,"minecraft:crouch_one_cm":572,"minecraft:play_time":133875,"minecraft:sneak_time":164,"minecraft:bell_ring":10,"minecraft:jump":960,"minecraft:walk_on_water_one_cm":76,"minecraft:leave_game":6,"minecraft:time_since_death":133875,"minecraft:sleep_in_bed":10,"minecraft:total_world_time":133875,"minecraft:fall_one_cm":16837},"minecraft:killed":{"minecraft:stray":1,"minecraft:spider":1,"minecraft:iron_golem":4},"minecraft:mined":{"minecraft:furnace":1,"minecraft:spruce_log":21,"minecraft:andesite":5,"minecraft:pumpkin":4,"minecraft:crafting_table":4,"minecraft:short_grass":15,"minecraft:grass_block":3,"minecraft:coal_ore":16,"minecraft:dirt":8,"minecraft:packed_ice":1,"minecraft:copper_ore":15,"minecraft:spruce_leaves":11,"minecraft:stone":81,"minecraft:sugar_cane":2,"minecraft:blue_bed":2}},"DataVersion":3953}