{"stats":{"minecraft:used":{"minecraft:baked_potato":2,"minecraft:iron_pickaxe":52,"minecraft:iron_sword":7,"minecraft:cobblestone":1},"minecraft:custom":{"minecraft:time_since_rest":35660,"minecraft:interact_with_smithing_table":1,"minecraft:interact_with_furnace":1,"minecraft:sprint_one_cm":641,"minecraft:damage_taken":147,"minecraft:walk_one_cm":319084,"minecraft:mob_kills":1,"minecraft:damage_dealt":367,"minecraft:talked_to_villager":1,"minecraft:interact_with_crafting_table":6,"minecraft:fly_one_cm":429,"minecraft:open_barrel":7,"minecraft:open_chest":12,"minecraft:crouch_one_cm":761,"minecraft:play_time":35660,"minecraft:sneak_time":150,"minecraft:walk_under_water_one_cm":2235,"minecraft:boat_one_cm":105943,"minecraft:jump":324,"minecraft:leave_game":3,"minecraft:walk_on_water_one_cm":967,"minecraft:time_since_death":35660,"minecraft:interact_with_smoker":2,"minecraft:total_world_time":35660,"minecraft:fall_one_cm":3015},"minecraft:picked_up":{"minecraft:spruce_sapling":4,"minecraft:diorite":2,"minecraft:spruce_log":7,"minecraft:string":2,"minecraft:arrow":2,"minecraft:rotten_flesh":1,"minecraft:baked_potato":7,"minecraft:coal":35,"minecraft:cobblestone":11},"minecraft:crafted":{"minecraft:stick":16,"minecraft:iron_pickaxe":1,"minecraft:baked_potato":11,"minecraft:iron_helmet":1,"minecraft:iron_sword":1,"minecraft:iron_leggings":1,"minecraft:air":0},"minecraft:killed":{"minecraft:zombie":1},"minecraft:mined":{"minecraft:spruce_log":6,"minecraft:short_grass":3,"minecraft:potatoes":1,"minecraft:coal_ore":32,"minecraft:spruce_leaves":7,"minecraft:stone":18,"minecraft:diorite":2,"minecraft:fern":1}},"DataVersion":3953}