{"stats":{"minecraft:dropped":{"minecraft:stone_hoe":1,"minecraft:iron_sword":1,"minecraft:coal":5,"minecraft:andesite":1,"minecraft:leather_boots":1,"minecraft:stone_pickaxe":1,"minecraft:paper":4,"minecraft:string":2},"minecraft:used":{"minecraft:stone_sword":2,"minecraft:baked_potato":15,"minecraft:shield":9,"minecraft:wooden_pickaxe":15,"minecraft:iron_sword":21,"minecraft:torch":90,"minecraft:crafting_table":2,"minecraft:spruce_boat":2,"minecraft:bread":1,"minecraft:iron_pickaxe":151,"minecraft:bow":7,"minecraft:cobblestone":1,"minecraft:sweet_berries":2,"minecraft:potato":5},"minecraft:custom":{"minecraft:interact_with_smithing_table":1,"minecraft:interact_with_furnace":14,"minecraft:mob_kills":5,"minecraft:interact_with_crafting_table":17,"minecraft:open_barrel":7,"minecraft:leave_game":5,"minecraft:time_since_death":62224,"minecraft:sleep_in_bed":1,"minecraft:time_since_rest":11239,"minecraft:sprint_one_cm":1255,"minecraft:damage_taken":1266,"minecraft:walk_one_cm":747007,"minecraft:damage_blocked_by_shield":570,"minecraft:drop":8,"minecraft:damage_dealt":1177,"minecraft:talked_to_villager":1,"minecraft:fly_one_cm":1818,"minecraft:open_chest":23,"minecraft:crouch_one_cm":6246,"minecraft:play_time":105703,"minecraft:deaths":1,"minecraft:sneak_time":1740,"minecraft:walk_under_water_one_cm":31540,"minecraft:boat_one_cm":188319,"minecraft:jump":979,"minecraft:walk_on_water_one_cm":23349,"minecraft:interact_with_smoker":5,"minecraft:total_world_time":105703,"minecraft:fall_one_cm":9150},"minecraft:picked_up":{"minecraft:andesite":1,"minecraft:potato":5,"minecraft:shield":1,"minecraft:lapis_lazuli":117,"minecraft:string":2,"minecraft:dirt":6,"minecraft:paper":4,"minecraft:raw_copper":7,"minecraft:flint_and_steel":1,"minecraft:iron_leggings":1,"minecraft:leather_boots":1,"minecraft:bone":3,"minecraft:bow":1,"minecraft:cobbled_deepslate":53,"minecraft:raw_gold":8,"minecraft:bucket":1,"minecraft:rabbit_hide":1,"minecraft:stone_pickaxe":3,"minecraft:sugar_cane":3,"minecraft:iron_sword":1,"minecraft:stone_hoe":2,"minecraft:raw_iron":33,"minecraft:stick":5,"minecraft:sweet_berries":13,"minecraft:torch":36,"minecraft:sand":1,"minecraft:spruce_sapling":10,"minecraft:diorite":11,"minecraft:white_bed":1,"minecraft:spruce_log":41,"minecraft:redstone":8,"minecraft:stone_sword":2,"minecraft:arrow":22,"minecraft:rotten_flesh":3,"minecraft:diamond":4,"minecraft:stone_axe":1,"minecraft:spruce_boat":2,"minecraft:granite":12,"minecraft:bone_meal":5,"minecraft:gold_ingot":9,"minecraft:baked_potato":35,"minecraft:coal":68,"minecraft:rail":2,"minecraft:cobblestone":169},"minecraft:crafted":{"minecraft:crafting_table":2,"minecraft:spruce_planks":36,"minecraft:wooden_pickaxe":1,"minecraft:iron_helmet":2,"minecraft:baked_potato":17,"minecraft:iron_sword":1,"minecraft:air":0,"minecraft:iron_boots":1,"minecraft:iron_chestplate":1,"minecraft:stick":56,"minecraft:iron_ingot":22,"minecraft:iron_pickaxe":2,"minecraft:iron_leggings":2,"minecraft:spruce_boat":1,"minecraft:torch":120},"minecraft:killed":{"minecraft:creeper":1,"minecraft:skeleton":2,"minecraft:zombie":1},"minecraft:mined":{"minecraft:deepslate_redstone_ore":2,"minecraft:deepslate_diamond_ore":4,"minecraft:granite":5,"minecraft:short_grass":3,"minecraft:grass_block":3,"minecraft:spruce_leaves":14,"minecraft:deepslate_gold_ore":8,"minecraft:diorite":2,"minecraft:wall_torch":2,"minecraft:iron_ore":4,"minecraft:sweet_berry_bush":9,"minecraft:spruce_log":15,"minecraft:andesite":1,"minecraft:deepslate_lapis_ore":16,"minecraft:rail":1,"minecraft:potatoes":1,"minecraft:coal_ore":55,"minecraft:deepslate_iron_ore":3,"minecraft:dirt":3,"minecraft:cobweb":1,"minecraft:stone":33,"minecraft:deepslate":13,"minecraft:fern":2},"minecraft:killed_by":{"minecraft:skeleton":1}},"DataVersion":3953}