{"stats":{"minecraft:dropped":{"minecraft:paper":4,"minecraft:string":2},"minecraft:custom":{"minecraft:time_since_rest":3961,"minecraft:interact_with_smithing_table":1,"minecraft:interact_with_furnace":1,"minecraft:sprint_one_cm":1035,"minecraft:damage_taken":462,"minecraft:walk_one_cm":398642,"minecraft:mob_kills":2,"minecraft:drop":2,"minecraft:damage_dealt":722,"minecraft:interact_with_crafting_table":9,"minecraft:fly_one_cm":783,"minecraft:talked_to_villager":1,"minecraft:open_barrel":7,"minecraft:open_chest":14,"minecraft:crouch_one_cm":1700,"minecraft:play_time":47303,"minecraft:deaths":1,"minecraft:sneak_time":354,"minecraft:walk_under_water_one_cm":3808,"minecraft:boat_one_cm":133440,"minecraft:jump":412,"minecraft:leave_game":4,"minecraft:time_since_death":3824,"minecraft:walk_on_water_one_cm":2827,"minecraft:total_world_time":47303,"minecraft:interact_with_smoker":5,"minecraft:fall_one_cm":4180},"minecraft:used":{"minecraft:spruce_boat":1,"minecraft:iron_pickaxe":55,"minecraft:baked_potato":4,"minecraft:iron_sword":12,"minecraft:torch":3,"minecraft:cobblestone":1,"minecraft:crafting_table":1},"minecraft:picked_up":{"minecraft:stick":5,"minecraft:raw_iron":3,"minecraft:torch":34,"minecraft:potato":5,"minecraft:sand":1,"minecraft:spruce_sapling":10,"minecraft:diorite":11,"minecraft:white_bed":1,"minecraft:spruce_log":36,"minecraft:string":2,"minecraft:paper":4,"minecraft:raw_copper":7,"minecraft:flint_and_steel":1,"minecraft:iron_leggings":1,"minecraft:stone_sword":1,"minecraft:arrow":3,"minecraft:rotten_flesh":3,"minecraft:spruce_boat":1,"minecraft:stone_axe":1,"minecraft:cobbled_deepslate":24,"minecraft:bucket":1,"minecraft:rabbit_hide":1,"minecraft:granite":7,"minecraft:stone_pickaxe":2,"minecraft:bone_meal":5,"minecraft:gold_ingot":9,"minecraft:baked_potato":21,"minecraft:sugar_cane":3,"minecraft:stone_hoe":1,"minecraft:coal":42,"minecraft:cobblestone":94},"minecraft:crafted":{"minecraft:crafting_table":1,"minecraft:spruce_planks":16,"minecraft:stick":16,"minecraft:iron_pickaxe":1,"minecraft:baked_potato":17,"minecraft:iron_helmet":1,"minecraft:iron_sword":1,"minecraft:iron_leggings":1,"minecraft:spruce_boat":1,"minecraft:torch":36,"minecraft:air":0},"minecraft:killed":{"minecraft:skeleton":1,"minecraft:zombie":1},"minecraft:mined":{"minecraft:iron_ore":2,"minecraft:spruce_log":10,"minecraft:short_grass":3,"minecraft:potatoes":1,"minecraft:coal_ore":32,"minecraft:spruce_leaves":7,"minecraft:stone":18,"minecraft:diorite":2,"minecraft:fern":1},"minecraft:killed_by":{"minecraft:skeleton":1}},"DataVersion":3953}