{"stats":{"minecraft:custom":{"minecraft:open_barrel":7,"minecraft:time_since_rest":12288,"minecraft:open_chest":10,"minecraft:crouch_one_cm":28,"minecraft:interact_with_furnace":1,"minecraft:play_time":12288,"minecraft:walk_one_cm":120737,"minecraft:sneak_time":11,"minecraft:jump":81,"minecraft:damage_dealt":22,"minecraft:leave_game":1,"minecraft:time_since_death":12288,"minecraft:walk_on_water_one_cm":138,"minecraft:total_world_time":12288,"minecraft:talked_to_villager":1,"minecraft:interact_with_crafting_table":6,"minecraft:fall_one_cm":209,"minecraft:fly_one_cm":52},"minecraft:picked_up":{"minecraft:spruce_log":6,"minecraft:baked_potato":7},"minecraft:crafted":{"minecraft:iron_sword":1,"minecraft:iron_leggings":1,"minecraft:stick":16,"minecraft:iron_helmet":1,"minecraft:iron_pickaxe":1},"minecraft:mined":{"minecraft:short_grass":1,"minecraft:spruce_log":6,"minecraft:spruce_leaves":3}},"DataVersion":3953}