{"stats":{"minecraft:dropped":{"minecraft:coal":5,"minecraft:paper":4,"minecraft:string":2},"minecraft:used":{"minecraft:baked_potato":12,"minecraft:shield":2,"minecraft:wooden_pickaxe":15,"minecraft:iron_sword":20,"minecraft:torch":59,"minecraft:crafting_table":2,"minecraft:spruce_boat":2,"minecraft:iron_pickaxe":134,"minecraft:cobblestone":1,"minecraft:potato":5},"minecraft:custom":{"minecraft:interact_with_smithing_table":1,"minecraft:interact_with_furnace":2,"minecraft:mob_kills":3,"minecraft:interact_with_crafting_table":12,"minecraft:open_barrel":7,"minecraft:leave_game":4,"minecraft:time_since_death":39824,"minecraft:time_since_rest":39961,"minecraft:sprint_one_cm":1096,"minecraft:damage_taken":1027,"minecraft:walk_one_cm":655407,"minecraft:damage_blocked_by_shield":120,"minecraft:drop":3,"minecraft:damage_dealt":1125,"minecraft:talked_to_villager":1,"minecraft:fly_one_cm":1440,"minecraft:open_chest":19,"minecraft:crouch_one_cm":3696,"minecraft:play_time":83303,"minecraft:deaths":1,"minecraft:sneak_time":814,"minecraft:walk_under_water_one_cm":6870,"minecraft:boat_one_cm":188319,"minecraft:jump":786,"minecraft:walk_on_water_one_cm":10381,"minecraft:interact_with_smoker":5,"minecraft:total_world_time":83303,"minecraft:fall_one_cm":7097},"minecraft:picked_up":{"minecraft:andesite":1,"minecraft:potato":5,"minecraft:shield":1,"minecraft:lapis_lazuli":79,"minecraft:string":2,"minecraft:dirt":6,"minecraft:paper":4,"minecraft:raw_copper":7,"minecraft:flint_and_steel":1,"minecraft:iron_leggings":1,"minecraft:leather_boots":1,"minecraft:bone":2,"minecraft:cobbled_deepslate":31,"minecraft:raw_gold":8,"minecraft:bucket":1,"minecraft:rabbit_hide":1,"minecraft:stone_pickaxe":2,"minecraft:sugar_cane":3,"minecraft:stone_hoe":1,"minecraft:raw_iron":12,"minecraft:stick":5,"minecraft:sweet_berries":13,"minecraft:torch":36,"minecraft:sand":1,"minecraft:spruce_sapling":10,"minecraft:diorite":11,"minecraft:white_bed":1,"minecraft:spruce_log":41,"minecraft:redstone":8,"minecraft:stone_sword":1,"minecraft:arrow":7,"minecraft:rotten_flesh":3,"minecraft:diamond":1,"minecraft:stone_axe":1,"minecraft:spruce_boat":2,"minecraft:granite":12,"minecraft:bone_meal":5,"minecraft:gold_ingot":9,"minecraft:baked_potato":30,"minecraft:coal":68,"minecraft:cobblestone":108},"minecraft:crafted":{"minecraft:crafting_table":2,"minecraft:spruce_planks":36,"minecraft:wooden_pickaxe":1,"minecraft:iron_helmet":1,"minecraft:baked_potato":17,"minecraft:iron_sword":1,"minecraft:air":0,"minecraft:stick":36,"minecraft:iron_pickaxe":2,"minecraft:iron_leggings":1,"minecraft:spruce_boat":1,"minecraft:torch":100},"minecraft:killed":{"minecraft:skeleton":2,"minecraft:zombie":1},"minecraft:mined":{"minecraft:deepslate_redstone_ore":2,"minecraft:deepslate_diamond_ore":2,"minecraft:granite":5,"minecraft:short_grass":3,"minecraft:grass_block":3,"minecraft:spruce_leaves":14,"minecraft:deepslate_gold_ore":8,"minecraft:diorite":2,"minecraft:wall_torch":2,"minecraft:iron_ore":4,"minecraft:sweet_berry_bush":9,"minecraft:spruce_log":15,"minecraft:andesite":1,"minecraft:deepslate_lapis_ore":10,"minecraft:rail":1,"minecraft:potatoes":1,"minecraft:coal_ore":55,"minecraft:deepslate_iron_ore":3,"minecraft:dirt":3,"minecraft:cobweb":1,"minecraft:stone":29,"minecraft:deepslate":8,"minecraft:fern":2},"minecraft:killed_by":{"minecraft:skeleton":1}},"DataVersion":3953}