{"stats":{"minecraft:dropped":{"minecraft:stone_hoe":1,"minecraft:iron_sword":1,"minecraft:coal":5,"minecraft:andesite":1,"minecraft:leather_boots":1,"minecraft:stone_pickaxe":1,"minecraft:paper":4,"minecraft:string":2},"minecraft:used":{"minecraft:stone_sword":2,"minecraft:baked_potato":19,"minecraft:wooden_pickaxe":15,"minecraft:shield":17,"minecraft:iron_sword":23,"minecraft:torch":122,"minecraft:crafting_table":2,"minecraft:spruce_boat":2,"minecraft:bread":1,"minecraft:iron_pickaxe":188,"minecraft:bow":7,"minecraft:cobblestone":4,"minecraft:sweet_berries":2,"minecraft:potato":5},"minecraft:custom":{"minecraft:interact_with_smithing_table":1,"minecraft:interact_with_furnace":15,"minecraft:mob_kills":5,"minecraft:interact_with_crafting_table":18,"minecraft:open_barrel":7,"minecraft:leave_game":5,"minecraft:time_since_death":73015,"minecraft:sleep_in_bed":2,"minecraft:time_since_rest":7924,"minecraft:sprint_one_cm":1255,"minecraft:damage_taken":1540,"minecraft:walk_one_cm":802508,"minecraft:damage_blocked_by_shield":1245,"minecraft:drop":8,"minecraft:damage_dealt":1266,"minecraft:swim_one_cm":3449,"minecraft:talked_to_villager":1,"minecraft:fly_one_cm":2232,"minecraft:open_chest":24,"minecraft:play_time":116494,"minecraft:crouch_one_cm":6995,"minecraft:sneak_time":2007,"minecraft:deaths":1,"minecraft:walk_under_water_one_cm":45839,"minecraft:boat_one_cm":188319,"minecraft:jump":1071,"minecraft:walk_on_water_one_cm":36656,"minecraft:total_world_time":116494,"minecraft:interact_with_smoker":5,"minecraft:fall_one_cm":12814},"minecraft:picked_up":{"minecraft:andesite":1,"minecraft:potato":5,"minecraft:shield":1,"minecraft:dirt":6,"minecraft:lapis_lazuli":123,"minecraft:string":2,"minecraft:paper":4,"minecraft:raw_copper":7,"minecraft:flint_and_steel":1,"minecraft:iron_leggings":1,"minecraft:leather_boots":1,"minecraft:bone":3,"minecraft:bow":1,"minecraft:cobbled_deepslate":60,"minecraft:raw_gold":24,"minecraft:bucket":1,"minecraft:rabbit_hide":1,"minecraft:stone_pickaxe":3,"minecraft:sugar_cane":3,"minecraft:stone_hoe":2,"minecraft:iron_sword":1,"minecraft:stick":5,"minecraft:raw_iron":33,"minecraft:sweet_berries":13,"minecraft:torch":39,"minecraft:sand":1,"minecraft:spruce_sapling":10,"minecraft:diorite":11,"minecraft:white_bed":1,"minecraft:spruce_log":41,"minecraft:redstone":35,"minecraft:stone_sword":2,"minecraft:arrow":22,"minecraft:rotten_flesh":5,"minecraft:diamond":8,"minecraft:spruce_boat":2,"minecraft:stone_axe":1,"minecraft:granite":12,"minecraft:bone_meal":5,"minecraft:gold_ingot":9,"minecraft:baked_potato":43,"minecraft:coal":68,"minecraft:rail":2,"minecraft:cobblestone":171},"minecraft:crafted":{"minecraft:crafting_table":2,"minecraft:spruce_planks":36,"minecraft:wooden_pickaxe":1,"minecraft:baked_potato":17,"minecraft:iron_helmet":2,"minecraft:iron_sword":1,"minecraft:air":0,"minecraft:diamond_pickaxe":1,"minecraft:iron_boots":1,"minecraft:iron_chestplate":1,"minecraft:stick":56,"minecraft:iron_ingot":22,"minecraft:iron_pickaxe":2,"minecraft:iron_leggings":2,"minecraft:spruce_boat":1,"minecraft:torch":120,"minecraft:cooked_rabbit":1},"minecraft:killed":{"minecraft:creeper":1,"minecraft:skeleton":2,"minecraft:zombie":1},"minecraft:mined":{"minecraft:deepslate_redstone_ore":8,"minecraft:deepslate_diamond_ore":8,"minecraft:granite":5,"minecraft:short_grass":3,"minecraft:grass_block":3,"minecraft:cobblestone":2,"minecraft:spruce_leaves":14,"minecraft:lapis_ore":1,"minecraft:deepslate_gold_ore":24,"minecraft:diorite":2,"minecraft:wall_torch":3,"minecraft:iron_ore":4,"minecraft:sweet_berry_bush":9,"minecraft:spruce_log":15,"minecraft:andesite":1,"minecraft:deepslate_lapis_ore":16,"minecraft:potatoes":1,"minecraft:coal_ore":55,"minecraft:deepslate_iron_ore":3,"minecraft:rail":1,"minecraft:dirt":3,"minecraft:cobweb":1,"minecraft:stone":33,"minecraft:deepslate":21,"minecraft:fern":2},"minecraft:killed_by":{"minecraft:skeleton":1}},"DataVersion":3953}