{"stats":{"minecraft:dropped":{"minecraft:paper":4,"minecraft:string":2},"minecraft:used":{"minecraft:baked_potato":11,"minecraft:shield":2,"minecraft:wooden_pickaxe":15,"minecraft:iron_sword":17,"minecraft:torch":8,"minecraft:crafting_table":2,"minecraft:spruce_boat":2,"minecraft:iron_pickaxe":97,"minecraft:cobblestone":1,"minecraft:potato":5},"minecraft:custom":{"minecraft:interact_with_smithing_table":1,"minecraft:interact_with_furnace":2,"minecraft:mob_kills":3,"minecraft:interact_with_crafting_table":12,"minecraft:open_barrel":7,"minecraft:leave_game":4,"minecraft:time_since_death":27824,"minecraft:time_since_rest":27961,"minecraft:sprint_one_cm":1096,"minecraft:damage_taken":957,"minecraft:walk_one_cm":552794,"minecraft:damage_blocked_by_shield":120,"minecraft:drop":2,"minecraft:damage_dealt":986,"minecraft:talked_to_villager":1,"minecraft:fly_one_cm":1175,"minecraft:open_chest":19,"minecraft:crouch_one_cm":3696,"minecraft:play_time":71303,"minecraft:deaths":1,"minecraft:sneak_time":814,"minecraft:walk_under_water_one_cm":6574,"minecraft:boat_one_cm":188319,"minecraft:jump":682,"minecraft:walk_on_water_one_cm":6225,"minecraft:interact_with_smoker":5,"minecraft:total_world_time":71303,"minecraft:fall_one_cm":6282},"minecraft:picked_up":{"minecraft:andesite":1,"minecraft:potato":5,"minecraft:shield":1,"minecraft:string":2,"minecraft:dirt":6,"minecraft:paper":4,"minecraft:raw_copper":7,"minecraft:flint_and_steel":1,"minecraft:iron_leggings":1,"minecraft:bone":2,"minecraft:cobbled_deepslate":24,"minecraft:bucket":1,"minecraft:rabbit_hide":1,"minecraft:stone_pickaxe":2,"minecraft:sugar_cane":3,"minecraft:stone_hoe":1,"minecraft:raw_iron":5,"minecraft:stick":5,"minecraft:sweet_berries":13,"minecraft:torch":35,"minecraft:sand":1,"minecraft:spruce_sapling":10,"minecraft:diorite":11,"minecraft:white_bed":1,"minecraft:spruce_log":41,"minecraft:stone_sword":1,"minecraft:arrow":5,"minecraft:rotten_flesh":3,"minecraft:stone_axe":1,"minecraft:spruce_boat":2,"minecraft:granite":12,"minecraft:bone_meal":5,"minecraft:gold_ingot":9,"minecraft:baked_potato":24,"minecraft:coal":68,"minecraft:cobblestone":107},"minecraft:crafted":{"minecraft:crafting_table":2,"minecraft:spruce_planks":36,"minecraft:wooden_pickaxe":1,"minecraft:iron_helmet":1,"minecraft:baked_potato":17,"minecraft:iron_sword":1,"minecraft:air":0,"minecraft:stick":24,"minecraft:iron_pickaxe":2,"minecraft:iron_leggings":1,"minecraft:spruce_boat":1,"minecraft:torch":40},"minecraft:killed":{"minecraft:skeleton":2,"minecraft:zombie":1},"minecraft:mined":{"minecraft:granite":5,"minecraft:short_grass":3,"minecraft:grass_block":3,"minecraft:spruce_leaves":14,"minecraft:diorite":2,"minecraft:wall_torch":1,"minecraft:iron_ore":4,"minecraft:sweet_berry_bush":9,"minecraft:spruce_log":15,"minecraft:andesite":1,"minecraft:potatoes":1,"minecraft:coal_ore":55,"minecraft:dirt":3,"minecraft:stone":28,"minecraft:fern":2},"minecraft:killed_by":{"minecraft:skeleton":1}},"DataVersion":3953}