{"stats":{"minecraft:custom":{"minecraft:open_barrel":7,"minecraft:time_since_rest":23879,"minecraft:interact_with_smithing_table":1,"minecraft:crouch_one_cm":761,"minecraft:interact_with_furnace":1,"minecraft:play_time":23879,"minecraft:damage_taken":7,"minecraft:walk_one_cm":228705,"minecraft:sneak_time":150,"minecraft:boat_one_cm":59759,"minecraft:jump":164,"minecraft:damage_dealt":75,"minecraft:leave_game":2,"minecraft:time_since_death":23879,"minecraft:walk_on_water_one_cm":138,"minecraft:total_world_time":23879,"minecraft:interact_with_smoker":2,"minecraft:interact_with_crafting_table":6,"minecraft:talked_to_villager":1,"minecraft:fall_one_cm":420,"minecraft:fly_one_cm":173,"minecraft:open_chest":12},"minecraft:picked_up":{"minecraft:spruce_sapling":4,"minecraft:spruce_log":7,"minecraft:baked_potato":7},"minecraft:crafted":{"minecraft:iron_sword":1,"minecraft:iron_leggings":1,"minecraft:stick":16,"minecraft:iron_helmet":1,"minecraft:baked_potato":11,"minecraft:air":0,"minecraft:iron_pickaxe":1},"minecraft:mined":{"minecraft:short_grass":3,"minecraft:potatoes":1,"minecraft:spruce_leaves":7,"minecraft:spruce_log":6,"minecraft:fern":1}},"DataVersion":3953}