{"stats":{"minecraft:broken":{"minecraft:stone_pickaxe":9,"minecraft:golden_axe":1,"minecraft:leather_boots":1,"minecraft:stone_axe":1},"minecraft:dropped":{"minecraft:stone_hoe":1,"minecraft:baked_potato":20,"minecraft:cobblestone":125,"minecraft:stick":14,"minecraft:cooked_salmon":21,"minecraft:spruce_sapling":1,"minecraft:gold_ingot":18,"minecraft:stone_axe":1,"minecraft:raw_copper":2,"minecraft:rotten_flesh":2,"minecraft:oak_planks":1,"minecraft:pumpkin_seeds":1,"minecraft:carrot":5,"minecraft:flint_and_steel":2,"minecraft:filled_map":1,"minecraft:potato":8,"minecraft:andesite":14,"minecraft:spruce_pressure_plate":1,"minecraft:spruce_slab":24,"minecraft:wooden_pickaxe":2},"minecraft:custom":{"minecraft:mob_kills":17,"minecraft:animals_bred":1,"minecraft:interact_with_crafting_table":37,"minecraft:leave_game":21,"minecraft:time_since_death":82288,"minecraft:sprint_one_cm":656210,"minecraft:walk_one_cm":1823475,"minecraft:damage_blocked_by_shield":880,"minecraft:drop":77,"minecraft:talked_to_villager":2,"minecraft:play_time":436989,"minecraft:deaths":4,"minecraft:sneak_time":1789,"minecraft:walk_under_water_one_cm":90726,"minecraft:boat_one_cm":649482,"minecraft:jump":5091,"minecraft:interact_with_blast_furnace":1,"minecraft:walk_on_water_one_cm":113731,"minecraft:total_world_time":436989,"minecraft:interact_with_furnace":54,"minecraft:sleep_in_bed":34,"minecraft:time_since_rest":38965,"minecraft:damage_taken":3622,"minecraft:damage_dealt":3479,"minecraft:swim_one_cm":45040,"minecraft:fly_one_cm":753762,"minecraft:open_chest":34,"minecraft:crouch_one_cm":768,"minecraft:interact_with_smoker":3,"minecraft:fall_one_cm":80772},"minecraft:used":{"minecraft:beetroot":1,"minecraft:oak_fence":6,"minecraft:spruce_slab":10,"minecraft:poppy":1,"minecraft:chest":2,"minecraft:shield":17,"minecraft:stone_hoe":125,"minecraft:rotten_flesh":2,"minecraft:torch":217,"minecraft:dirt":65,"minecraft:spruce_stairs":2,"minecraft:carrot":50,"minecraft:granite":20,"minecraft:spruce_fence":30,"minecraft:snowball":2,"minecraft:stripped_spruce_log":2,"minecraft:oak_fence_gate":1,"minecraft:spruce_boat":8,"minecraft:lantern":1,"minecraft:sweet_berries":17,"minecraft:beetroot_seeds":7,"minecraft:potato":90,"minecraft:cobbled_deepslate":4,"minecraft:golden_axe":25,"minecraft:iron_leggings":1,"minecraft:wheat_seeds":31,"minecraft:water_bucket":30,"minecraft:stone_pickaxe":1303,"minecraft:baked_potato":61,"minecraft:oak_planks":2,"minecraft:wooden_pickaxe":9,"minecraft:spruce_fence_gate":1,"minecraft:leather_boots":1,"minecraft:crafting_table":16,"minecraft:white_bed":19,"minecraft:spruce_log":24,"minecraft:pumpkin_seeds":7,"minecraft:iron_pickaxe":50,"minecraft:bread":3,"minecraft:spruce_pressure_plate":1,"minecraft:spruce_sapling":7,"minecraft:stone_axe":312,"minecraft:cobblestone":126,"minecraft:bucket":30,"minecraft:bone_meal":22},"minecraft:picked_up":{"minecraft:wheat":10,"minecraft:wooden_pickaxe":1,"minecraft:shield":2,"minecraft:string":3,"minecraft:raw_copper":73,"minecraft:flint_and_steel":1,"minecraft:iron_leggings":2,"minecraft:beetroot":1,"minecraft:cobbled_deepslate":47,"minecraft:poppy":1,"minecraft:iron_pickaxe":1,"minecraft:spruce_slab":28,"minecraft:sugar_cane":3,"minecraft:spruce_pressure_plate":1,"minecraft:stick":30,"minecraft:raw_iron":54,"minecraft:torch":17,"minecraft:spruce_stairs":2,"minecraft:spruce_fence":2,"minecraft:diorite":9,"minecraft:carrot":96,"minecraft:redstone":97,"minecraft:golden_chestplate":1,"minecraft:rotten_flesh":21,"minecraft:arrow":5,"minecraft:beetroot_seeds":22,"minecraft:gold_ingot":18,"minecraft:snowball":2,"minecraft:rail":2,"minecraft:cobblestone":394,"minecraft:water_bucket":1,"minecraft:andesite":16,"minecraft:potato":222,"minecraft:tuff":2,"minecraft:oak_log":6,"minecraft:gunpowder":4,"minecraft:dirt":65,"minecraft:lantern":1,"minecraft:leather_boots":1,"minecraft:bone":13,"minecraft:kelp":26,"minecraft:wheat_seeds":37,"minecraft:raw_gold":7,"minecraft:rabbit_hide":1,"minecraft:stone_pickaxe":1,"minecraft:stone_hoe":2,"minecraft:oak_planks":1,"minecraft:pumpkin":2,"minecraft:sweet_berries":26,"minecraft:axolotl_bucket":1,"minecraft:poisonous_potato":1,"minecraft:sand":1,"minecraft:stripped_spruce_log":2,"minecraft:spruce_sapling":17,"minecraft:white_bed":20,"minecraft:spruce_log":158,"minecraft:diamond":9,"minecraft:spruce_boat":5,"minecraft:stone_axe":1,"minecraft:granite":27,"minecraft:baked_potato":6,"minecraft:coal":106},"minecraft:crafted":{"minecraft:oak_planks":24,"minecraft:bone_meal":27,"minecraft:spruce_fence":36,"minecraft:spruce_pressure_plate":1,"minecraft:spruce_slab":6,"minecraft:stone_pickaxe":11,"minecraft:chest":2,"minecraft:spruce_boat":4,"minecraft:stone_hoe":1,"minecraft:oak_fence":6,"minecraft:crafting_table":16,"minecraft:spruce_planks":260,"minecraft:wooden_pickaxe":1,"minecraft:baked_potato":101,"minecraft:cooked_salmon":21,"minecraft:bucket":1,"minecraft:pumpkin_seeds":8,"minecraft:stone_axe":4,"minecraft:bread":2,"minecraft:oak_fence_gate":1,"minecraft:charcoal":14,"minecraft:stick":156,"minecraft:iron_ingot":13,"minecraft:stone_sword":2,"minecraft:spruce_fence_gate":1,"minecraft:torch":328},"minecraft:killed":{"minecraft:cave_spider":1,"minecraft:spider":1,"minecraft:skeleton":2,"minecraft:rabbit":1,"minecraft:bat":1,"minecraft:creeper":3,"minecraft:zombie":8},"minecraft:mined":{"minecraft:tuff":2,"minecraft:white_bed":15,"minecraft:farmland":7,"minecraft:deepslate_diamond_ore":8,"minecraft:granite":29,"minecraft:grass_block":42,"minecraft:spruce_fence":2,"minecraft:spruce_leaves":125,"minecraft:carrots":30,"minecraft:iron_ore":12,"minecraft:andesite":17,"minecraft:pumpkin":2,"minecraft:potatoes":65,"minecraft:deepslate_iron_ore":27,"minecraft:dirt_path":2,"minecraft:spruce_pressure_plate":1,"minecraft:stone":407,"minecraft:spruce_slab":7,"minecraft:deepslate_redstone_ore":23,"minecraft:torch":10,"minecraft:short_grass":66,"minecraft:copper_ore":22,"minecraft:cobblestone":13,"minecraft:deepslate_gold_ore":7,"minecraft:oak_planks":1,"minecraft:diorite":9,"minecraft:wall_torch":3,"minecraft:spruce_stairs":2,"minecraft:wheat":16,"minecraft:sweet_berry_bush":1,"minecraft:ice":670,"minecraft:spruce_log":159,"minecraft:oak_log":6,"minecraft:coal_ore":60,"minecraft:beetroots":1,"minecraft:sand":3,"minecraft:dirt":28,"minecraft:oak_leaves":2,"minecraft:deepslate":54},"minecraft:killed_by":{"minecraft:creeper":1,"minecraft:skeleton":2,"minecraft:zombie":1}},"DataVersion":3953}