{"stats":{"minecraft:killed_by":{"minecraft:zombie":1},"minecraft:dropped":{"minecraft:wooden_pickaxe":2},"minecraft:crafted":{"minecraft:charcoal":2,"minecraft:crafting_table":1,"minecraft:stick":8,"minecraft:spruce_planks":32,"minecraft:wooden_pickaxe":1,"minecraft:baked_potato":7,"minecraft:stone_pickaxe":1,"minecraft:stone_sword":1,"minecraft:stone_axe":1},"minecraft:used":{"minecraft:stone_pickaxe":51,"minecraft:baked_potato":3,"minecraft:wooden_pickaxe":9,"minecraft:stone_axe":9,"minecraft:dirt":1,"minecraft:crafting_table":1,"minecraft:carrot":1,"minecraft:potato":5},"minecraft:picked_up":{"minecraft:pumpkin":2,"minecraft:wooden_pickaxe":1,"minecraft:potato":12,"minecraft:spruce_sapling":1,"minecraft:diorite":9,"minecraft:spruce_log":10,"minecraft:carrot":3,"minecraft:dirt":19,"minecraft:granite":16,"minecraft:cobblestone":35},"minecraft:custom":{"minecraft:time_since_rest":9699,"minecraft:interact_with_furnace":7,"minecraft:sprint_one_cm":43411,"minecraft:damage_taken":304,"minecraft:walk_one_cm":70792,"minecraft:drop":2,"minecraft:damage_dealt":10,"minecraft:interact_with_crafting_table":2,"minecraft:fly_one_cm":48161,"minecraft:play_time":22505,"minecraft:deaths":1,"minecraft:walk_under_water_one_cm":3333,"minecraft:jump":273,"minecraft:walk_on_water_one_cm":265,"minecraft:leave_game":8,"minecraft:time_since_death":17660,"minecraft:sleep_in_bed":2,"minecraft:total_world_time":22505,"minecraft:fall_one_cm":4505},"minecraft:mined":{"minecraft:carrots":1,"minecraft:spruce_log":10,"minecraft:pumpkin":2,"minecraft:granite":16,"minecraft:grass_block":2,"minecraft:potatoes":5,"minecraft:dirt_path":2,"minecraft:dirt":15,"minecraft:spruce_leaves":7,"minecraft:stone":35,"minecraft:diorite":9}},"DataVersion":3953}