{"stats":{"minecraft:killed_by":{"minecraft:zombie":1},"minecraft:used":{"minecraft:dirt":1},"minecraft:picked_up":{"minecraft:spruce_log":5,"minecraft:pumpkin":2,"minecraft:dirt":2},"minecraft:custom":{"minecraft:jump":129,"minecraft:time_since_rest":10005,"minecraft:damage_dealt":10,"minecraft:sprint_one_cm":26626,"minecraft:damage_taken":304,"minecraft:leave_game":8,"minecraft:play_time":10505,"minecraft:walk_one_cm":26388,"minecraft:time_since_death":5660,"minecraft:deaths":1,"minecraft:total_world_time":10505,"minecraft:fall_one_cm":2984,"minecraft:fly_one_cm":35542},"minecraft:mined":{"minecraft:grass_block":2,"minecraft:spruce_log":5,"minecraft:spruce_leaves":3,"minecraft:pumpkin":2,"minecraft:dirt":3}},"DataVersion":3953}