{"stats":{"minecraft:killed_by":{"minecraft:zombie":1},"minecraft:dropped":{"minecraft:wooden_pickaxe":2,"minecraft:flint_and_steel":2},"minecraft:crafted":{"minecraft:charcoal":8,"minecraft:crafting_table":3,"minecraft:stick":20,"minecraft:spruce_planks":100,"minecraft:wooden_pickaxe":1,"minecraft:baked_potato":16,"minecraft:stone_pickaxe":4,"minecraft:stone_sword":1,"minecraft:torch":16,"minecraft:stone_axe":1},"minecraft:used":{"minecraft:stone_pickaxe":426,"minecraft:baked_potato":8,"minecraft:wooden_pickaxe":9,"minecraft:stone_axe":74,"minecraft:torch":12,"minecraft:dirt":9,"minecraft:crafting_table":3,"minecraft:carrot":1,"minecraft:white_bed":1,"minecraft:potato":13},"minecraft:picked_up":{"minecraft:pumpkin":2,"minecraft:andesite":14,"minecraft:torch":1,"minecraft:wooden_pickaxe":1,"minecraft:potato":29,"minecraft:oak_log":6,"minecraft:white_bed":2,"minecraft:spruce_sapling":4,"minecraft:diorite":9,"minecraft:spruce_log":33,"minecraft:carrot":6,"minecraft:dirt":19,"minecraft:raw_copper":66,"minecraft:flint_and_steel":1,"minecraft:rotten_flesh":4,"minecraft:kelp":26,"minecraft:cobbled_deepslate":24,"minecraft:granite":16,"minecraft:coal":17,"minecraft:cobblestone":307},"minecraft:custom":{"minecraft:time_since_rest":9649,"minecraft:interact_with_furnace":18,"minecraft:sprint_one_cm":80150,"minecraft:damage_taken":529,"minecraft:walk_one_cm":192052,"minecraft:mob_kills":2,"minecraft:drop":4,"minecraft:damage_dealt":440,"minecraft:swim_one_cm":12790,"minecraft:interact_with_crafting_table":5,"minecraft:fly_one_cm":99217,"minecraft:open_chest":1,"minecraft:play_time":64505,"minecraft:deaths":1,"minecraft:sneak_time":59,"minecraft:walk_under_water_one_cm":12601,"minecraft:boat_one_cm":85586,"minecraft:jump":901,"minecraft:walk_on_water_one_cm":10694,"minecraft:leave_game":8,"minecraft:time_since_death":59660,"minecraft:sleep_in_bed":6,"minecraft:total_world_time":64505,"minecraft:fall_one_cm":8035},"minecraft:killed":{"minecraft:zombie":2},"minecraft:broken":{"minecraft:stone_pickaxe":3},"minecraft:mined":{"minecraft:white_bed":2,"minecraft:carrots":2,"minecraft:andesite":15,"minecraft:spruce_log":33,"minecraft:pumpkin":2,"minecraft:granite":16,"minecraft:oak_log":6,"minecraft:coal_ore":19,"minecraft:grass_block":2,"minecraft:potatoes":10,"minecraft:dirt_path":2,"minecraft:dirt":15,"minecraft:copper_ore":20,"minecraft:spruce_leaves":33,"minecraft:stone":326,"minecraft:diorite":9,"minecraft:oak_leaves":2,"minecraft:deepslate":29,"minecraft:wall_torch":1}},"DataVersion":3953}