{"stats":{"minecraft:broken":{"minecraft:stone_pickaxe":9,"minecraft:golden_axe":1,"minecraft:leather_boots":1,"minecraft:stone_axe":1},"minecraft:dropped":{"minecraft:stone_hoe":1,"minecraft:baked_potato":20,"minecraft:cobblestone":125,"minecraft:stick":14,"minecraft:cooked_salmon":21,"minecraft:spruce_sapling":1,"minecraft:gold_ingot":18,"minecraft:stone_axe":1,"minecraft:raw_copper":2,"minecraft:rotten_flesh":2,"minecraft:oak_planks":1,"minecraft:pumpkin_seeds":1,"minecraft:carrot":5,"minecraft:flint_and_steel":2,"minecraft:filled_map":1,"minecraft:potato":8,"minecraft:andesite":14,"minecraft:spruce_pressure_plate":1,"minecraft:spruce_slab":24,"minecraft:wooden_pickaxe":2},"minecraft:custom":{"minecraft:mob_kills":12,"minecraft:animals_bred":1,"minecraft:interact_with_crafting_table":36,"minecraft:leave_game":20,"minecraft:time_since_death":54185,"minecraft:sprint_one_cm":611112,"minecraft:walk_one_cm":1696029,"minecraft:damage_blocked_by_shield":625,"minecraft:drop":77,"minecraft:talked_to_villager":2,"minecraft:play_time":408886,"minecraft:deaths":4,"minecraft:sneak_time":1461,"minecraft:walk_under_water_one_cm":73216,"minecraft:boat_one_cm":649482,"minecraft:jump":4701,"minecraft:interact_with_blast_furnace":1,"minecraft:walk_on_water_one_cm":71699,"minecraft:total_world_time":408886,"minecraft:interact_with_furnace":54,"minecraft:sleep_in_bed":34,"minecraft:time_since_rest":10862,"minecraft:damage_taken":3405,"minecraft:damage_dealt":2553,"minecraft:swim_one_cm":38498,"minecraft:fly_one_cm":738387,"minecraft:open_chest":31,"minecraft:crouch_one_cm":418,"minecraft:interact_with_smoker":3,"minecraft:fall_one_cm":78169},"minecraft:used":{"minecraft:beetroot":1,"minecraft:oak_fence":6,"minecraft:spruce_slab":10,"minecraft:poppy":1,"minecraft:chest":2,"minecraft:shield":13,"minecraft:stone_hoe":125,"minecraft:rotten_flesh":2,"minecraft:torch":142,"minecraft:dirt":65,"minecraft:spruce_stairs":2,"minecraft:carrot":50,"minecraft:granite":20,"minecraft:spruce_fence":30,"minecraft:snowball":2,"minecraft:stripped_spruce_log":2,"minecraft:oak_fence_gate":1,"minecraft:spruce_boat":8,"minecraft:lantern":1,"minecraft:sweet_berries":17,"minecraft:beetroot_seeds":7,"minecraft:potato":90,"minecraft:golden_axe":25,"minecraft:iron_leggings":1,"minecraft:wheat_seeds":31,"minecraft:water_bucket":30,"minecraft:stone_pickaxe":1265,"minecraft:baked_potato":55,"minecraft:oak_planks":2,"minecraft:wooden_pickaxe":9,"minecraft:spruce_fence_gate":1,"minecraft:leather_boots":1,"minecraft:crafting_table":15,"minecraft:white_bed":19,"minecraft:spruce_log":24,"minecraft:pumpkin_seeds":7,"minecraft:bread":3,"minecraft:spruce_pressure_plate":1,"minecraft:spruce_sapling":7,"minecraft:stone_axe":296,"minecraft:cobblestone":115,"minecraft:bucket":30,"minecraft:bone_meal":22},"minecraft:picked_up":{"minecraft:wheat":10,"minecraft:wooden_pickaxe":1,"minecraft:shield":2,"minecraft:string":2,"minecraft:raw_copper":73,"minecraft:flint_and_steel":1,"minecraft:iron_leggings":2,"minecraft:beetroot":1,"minecraft:cobbled_deepslate":41,"minecraft:poppy":1,"minecraft:spruce_slab":28,"minecraft:sugar_cane":3,"minecraft:spruce_pressure_plate":1,"minecraft:stick":30,"minecraft:raw_iron":43,"minecraft:torch":15,"minecraft:spruce_stairs":2,"minecraft:spruce_fence":2,"minecraft:diorite":9,"minecraft:carrot":96,"minecraft:golden_chestplate":1,"minecraft:rotten_flesh":19,"minecraft:arrow":3,"minecraft:beetroot_seeds":22,"minecraft:gold_ingot":18,"minecraft:snowball":2,"minecraft:rail":2,"minecraft:cobblestone":379,"minecraft:water_bucket":1,"minecraft:andesite":16,"minecraft:potato":222,"minecraft:tuff":1,"minecraft:oak_log":6,"minecraft:gunpowder":4,"minecraft:dirt":65,"minecraft:lantern":1,"minecraft:leather_boots":1,"minecraft:bone":12,"minecraft:kelp":26,"minecraft:wheat_seeds":37,"minecraft:rabbit_hide":1,"minecraft:stone_pickaxe":1,"minecraft:stone_hoe":2,"minecraft:oak_planks":1,"minecraft:pumpkin":2,"minecraft:sweet_berries":26,"minecraft:axolotl_bucket":1,"minecraft:poisonous_potato":1,"minecraft:sand":1,"minecraft:stripped_spruce_log":2,"minecraft:spruce_sapling":17,"minecraft:white_bed":20,"minecraft:spruce_log":158,"minecraft:diamond":1,"minecraft:spruce_boat":5,"minecraft:stone_axe":1,"minecraft:granite":27,"minecraft:baked_potato":6,"minecraft:coal":65},"minecraft:crafted":{"minecraft:oak_planks":24,"minecraft:bone_meal":27,"minecraft:spruce_fence":36,"minecraft:spruce_pressure_plate":1,"minecraft:spruce_slab":6,"minecraft:stone_pickaxe":11,"minecraft:chest":2,"minecraft:spruce_boat":4,"minecraft:stone_hoe":1,"minecraft:oak_fence":6,"minecraft:crafting_table":15,"minecraft:spruce_planks":196,"minecraft:wooden_pickaxe":1,"minecraft:baked_potato":101,"minecraft:cooked_salmon":21,"minecraft:bucket":1,"minecraft:pumpkin_seeds":8,"minecraft:stone_axe":3,"minecraft:bread":2,"minecraft:oak_fence_gate":1,"minecraft:charcoal":14,"minecraft:stick":96,"minecraft:iron_ingot":13,"minecraft:stone_sword":2,"minecraft:spruce_fence_gate":1,"minecraft:torch":164},"minecraft:killed":{"minecraft:spider":1,"minecraft:skeleton":1,"minecraft:rabbit":1,"minecraft:bat":1,"minecraft:creeper":3,"minecraft:zombie":5},"minecraft:mined":{"minecraft:tuff":1,"minecraft:white_bed":15,"minecraft:farmland":7,"minecraft:granite":29,"minecraft:grass_block":42,"minecraft:spruce_fence":2,"minecraft:spruce_leaves":125,"minecraft:carrots":30,"minecraft:iron_ore":6,"minecraft:andesite":17,"minecraft:pumpkin":2,"minecraft:potatoes":65,"minecraft:deepslate_iron_ore":22,"minecraft:dirt_path":2,"minecraft:spruce_pressure_plate":1,"minecraft:stone":384,"minecraft:spruce_slab":7,"minecraft:torch":9,"minecraft:short_grass":66,"minecraft:copper_ore":22,"minecraft:cobblestone":13,"minecraft:oak_planks":1,"minecraft:diorite":9,"minecraft:wall_torch":2,"minecraft:spruce_stairs":2,"minecraft:wheat":16,"minecraft:sweet_berry_bush":1,"minecraft:ice":670,"minecraft:spruce_log":159,"minecraft:oak_log":6,"minecraft:coal_ore":51,"minecraft:beetroots":1,"minecraft:sand":3,"minecraft:dirt":28,"minecraft:oak_leaves":2,"minecraft:deepslate":48},"minecraft:killed_by":{"minecraft:creeper":1,"minecraft:skeleton":2,"minecraft:zombie":1}},"DataVersion":3953}