{"stats":{"minecraft:killed_by":{"minecraft:zombie":1},"minecraft:dropped":{"minecraft:filled_map":1,"minecraft:baked_potato":2,"minecraft:andesite":14,"minecraft:raw_copper":2,"minecraft:cobblestone":125,"minecraft:wooden_pickaxe":2,"minecraft:carrot":2,"minecraft:flint_and_steel":2},"minecraft:crafted":{"minecraft:charcoal":8,"minecraft:crafting_table":3,"minecraft:stick":20,"minecraft:spruce_planks":100,"minecraft:wooden_pickaxe":1,"minecraft:baked_potato":16,"minecraft:stone_pickaxe":4,"minecraft:stone_sword":1,"minecraft:torch":16,"minecraft:stone_axe":1},"minecraft:used":{"minecraft:stone_pickaxe":426,"minecraft:baked_potato":11,"minecraft:wooden_pickaxe":9,"minecraft:stone_axe":82,"minecraft:torch":14,"minecraft:dirt":9,"minecraft:crafting_table":3,"minecraft:carrot":1,"minecraft:white_bed":2,"minecraft:potato":13},"minecraft:picked_up":{"minecraft:pumpkin":2,"minecraft:andesite":14,"minecraft:torch":1,"minecraft:wooden_pickaxe":1,"minecraft:potato":29,"minecraft:sand":1,"minecraft:oak_log":6,"minecraft:white_bed":3,"minecraft:spruce_sapling":4,"minecraft:diorite":9,"minecraft:spruce_log":38,"minecraft:carrot":6,"minecraft:dirt":19,"minecraft:raw_copper":66,"minecraft:flint_and_steel":1,"minecraft:rotten_flesh":4,"minecraft:kelp":26,"minecraft:cobbled_deepslate":24,"minecraft:granite":16,"minecraft:coal":17,"minecraft:cobblestone":307},"minecraft:custom":{"minecraft:time_since_rest":7541,"minecraft:interact_with_furnace":18,"minecraft:sprint_one_cm":85637,"minecraft:damage_taken":639,"minecraft:walk_one_cm":207601,"minecraft:mob_kills":2,"minecraft:drop":13,"minecraft:damage_dealt":440,"minecraft:swim_one_cm":32250,"minecraft:interact_with_crafting_table":5,"minecraft:fly_one_cm":105076,"minecraft:open_chest":4,"minecraft:play_time":76505,"minecraft:deaths":1,"minecraft:sneak_time":101,"minecraft:walk_under_water_one_cm":22155,"minecraft:boat_one_cm":171047,"minecraft:jump":987,"minecraft:walk_on_water_one_cm":13568,"minecraft:leave_game":8,"minecraft:time_since_death":71660,"minecraft:sleep_in_bed":8,"minecraft:total_world_time":76505,"minecraft:fall_one_cm":9264},"minecraft:killed":{"minecraft:zombie":2},"minecraft:broken":{"minecraft:stone_pickaxe":3},"minecraft:mined":{"minecraft:white_bed":3,"minecraft:carrots":2,"minecraft:andesite":15,"minecraft:spruce_log":38,"minecraft:pumpkin":2,"minecraft:granite":16,"minecraft:oak_log":6,"minecraft:coal_ore":19,"minecraft:grass_block":2,"minecraft:potatoes":10,"minecraft:dirt_path":2,"minecraft:sand":3,"minecraft:dirt":15,"minecraft:copper_ore":20,"minecraft:spruce_leaves":36,"minecraft:stone":326,"minecraft:diorite":9,"minecraft:oak_leaves":2,"minecraft:deepslate":29,"minecraft:wall_torch":1}},"DataVersion":3953}