{"stats":{"minecraft:killed_by":{"minecraft:zombie":1},"minecraft:dropped":{"minecraft:wooden_pickaxe":2},"minecraft:crafted":{"minecraft:charcoal":8,"minecraft:crafting_table":1,"minecraft:stick":20,"minecraft:spruce_planks":32,"minecraft:wooden_pickaxe":1,"minecraft:baked_potato":8,"minecraft:stone_pickaxe":1,"minecraft:stone_sword":1,"minecraft:torch":16,"minecraft:stone_axe":1},"minecraft:used":{"minecraft:stone_pickaxe":131,"minecraft:baked_potato":4,"minecraft:wooden_pickaxe":9,"minecraft:stone_axe":66,"minecraft:torch":5,"minecraft:dirt":7,"minecraft:crafting_table":1,"minecraft:carrot":1,"minecraft:potato":8},"minecraft:picked_up":{"minecraft:pumpkin":2,"minecraft:wooden_pickaxe":1,"minecraft:potato":16,"minecraft:spruce_sapling":4,"minecraft:diorite":9,"minecraft:spruce_log":33,"minecraft:carrot":3,"minecraft:dirt":19,"minecraft:rotten_flesh":4,"minecraft:granite":16,"minecraft:coal":17,"minecraft:cobblestone":96},"minecraft:custom":{"minecraft:time_since_rest":6460,"minecraft:interact_with_furnace":12,"minecraft:sprint_one_cm":51922,"minecraft:damage_taken":439,"minecraft:walk_one_cm":113424,"minecraft:mob_kills":2,"minecraft:drop":2,"minecraft:damage_dealt":410,"minecraft:swim_one_cm":175,"minecraft:interact_with_crafting_table":2,"minecraft:fly_one_cm":57381,"minecraft:play_time":34505,"minecraft:deaths":1,"minecraft:walk_under_water_one_cm":3812,"minecraft:jump":422,"minecraft:walk_on_water_one_cm":7326,"minecraft:leave_game":8,"minecraft:time_since_death":29660,"minecraft:sleep_in_bed":4,"minecraft:total_world_time":34505,"minecraft:fall_one_cm":5399},"minecraft:killed":{"minecraft:zombie":2},"minecraft:broken":{"minecraft:stone_pickaxe":1},"minecraft:mined":{"minecraft:carrots":1,"minecraft:spruce_log":33,"minecraft:pumpkin":2,"minecraft:granite":16,"minecraft:coal_ore":19,"minecraft:grass_block":2,"minecraft:potatoes":6,"minecraft:dirt_path":2,"minecraft:dirt":15,"minecraft:spruce_leaves":33,"minecraft:stone":96,"minecraft:diorite":9}},"DataVersion":3953}