{"stats":{"minecraft:killed_by":{"minecraft:zombie":1},"minecraft:dropped":{"minecraft:stone_axe":1,"minecraft:baked_potato":4,"minecraft:raw_copper":2,"minecraft:rotten_flesh":2,"minecraft:cobblestone":125,"minecraft:carrot":5,"minecraft:pumpkin_seeds":1,"minecraft:flint_and_steel":2,"minecraft:filled_map":1,"minecraft:potato":8,"minecraft:spruce_pressure_plate":1,"minecraft:andesite":14,"minecraft:spruce_slab":24,"minecraft:wooden_pickaxe":2,"minecraft:spruce_sapling":1,"minecraft:gold_ingot":9},"minecraft:broken":{"minecraft:stone_pickaxe":8},"minecraft:used":{"minecraft:beetroot":1,"minecraft:wheat_seeds":22,"minecraft:water_bucket":28,"minecraft:stone_pickaxe":1118,"minecraft:spruce_slab":7,"minecraft:baked_potato":21,"minecraft:oak_planks":1,"minecraft:chest":1,"minecraft:wooden_pickaxe":9,"minecraft:stone_hoe":117,"minecraft:torch":53,"minecraft:dirt":29,"minecraft:crafting_table":13,"minecraft:carrot":31,"minecraft:spruce_stairs":2,"minecraft:white_bed":9,"minecraft:granite":16,"minecraft:pumpkin_seeds":7,"minecraft:stripped_spruce_log":2,"minecraft:spruce_boat":5,"minecraft:lantern":1,"minecraft:spruce_pressure_plate":1,"minecraft:spruce_sapling":7,"minecraft:stone_axe":118,"minecraft:cobblestone":75,"minecraft:beetroot_seeds":7,"minecraft:bucket":27,"minecraft:potato":60,"minecraft:bone_meal":21,"minecraft:golden_axe":20},"minecraft:mined":{"minecraft:white_bed":8,"minecraft:farmland":7,"minecraft:torch":6,"minecraft:granite":28,"minecraft:short_grass":66,"minecraft:grass_block":32,"minecraft:copper_ore":20,"minecraft:cobblestone":9,"minecraft:spruce_leaves":71,"minecraft:diorite":9,"minecraft:wall_torch":1,"minecraft:spruce_stairs":2,"minecraft:carrots":17,"minecraft:wheat":12,"minecraft:ice":670,"minecraft:spruce_log":63,"minecraft:andesite":15,"minecraft:pumpkin":2,"minecraft:oak_log":6,"minecraft:potatoes":34,"minecraft:coal_ore":21,"minecraft:beetroots":1,"minecraft:dirt_path":2,"minecraft:spruce_pressure_plate":1,"minecraft:sand":3,"minecraft:dirt":16,"minecraft:stone":326,"minecraft:oak_leaves":2,"minecraft:spruce_slab":4,"minecraft:deepslate":29},"minecraft:custom":{"minecraft:interact_with_furnace":34,"minecraft:mob_kills":3,"minecraft:interact_with_crafting_table":20,"minecraft:leave_game":18,"minecraft:time_since_death":210255,"minecraft:sleep_in_bed":18,"minecraft:time_since_rest":24708,"minecraft:sprint_one_cm":290345,"minecraft:damage_taken":729,"minecraft:walk_one_cm":798796,"minecraft:drop":36,"minecraft:damage_dealt":660,"minecraft:swim_one_cm":33384,"minecraft:talked_to_villager":1,"minecraft:fly_one_cm":308583,"minecraft:open_chest":8,"minecraft:play_time":215100,"minecraft:deaths":1,"minecraft:sneak_time":397,"minecraft:walk_under_water_one_cm":24771,"minecraft:boat_one_cm":257499,"minecraft:jump":2049,"minecraft:walk_on_water_one_cm":28518,"minecraft:total_world_time":215100,"minecraft:fall_one_cm":27669},"minecraft:picked_up":{"minecraft:wheat":6,"minecraft:water_bucket":1,"minecraft:andesite":14,"minecraft:wooden_pickaxe":1,"minecraft:potato":107,"minecraft:oak_log":6,"minecraft:dirt":50,"minecraft:lantern":1,"minecraft:raw_copper":66,"minecraft:flint_and_steel":1,"minecraft:iron_leggings":1,"minecraft:bone":9,"minecraft:beetroot":1,"minecraft:kelp":26,"minecraft:wheat_seeds":26,"minecraft:cobbled_deepslate":24,"minecraft:spruce_slab":25,"minecraft:sugar_cane":2,"minecraft:spruce_pressure_plate":1,"minecraft:stick":1,"minecraft:pumpkin":2,"minecraft:torch":12,"minecraft:spruce_stairs":2,"minecraft:sand":1,"minecraft:carrot":49,"minecraft:stripped_spruce_log":2,"minecraft:spruce_sapling":8,"minecraft:diorite":9,"minecraft:white_bed":9,"minecraft:spruce_log":63,"minecraft:rotten_flesh":8,"minecraft:spruce_boat":3,"minecraft:beetroot_seeds":22,"minecraft:granite":26,"minecraft:gold_ingot":9,"minecraft:coal":20,"minecraft:cobblestone":316},"minecraft:crafted":{"minecraft:oak_planks":24,"minecraft:crafting_table":13,"minecraft:spruce_planks":120,"minecraft:wooden_pickaxe":1,"minecraft:baked_potato":29,"minecraft:bone_meal":27,"minecraft:pumpkin_seeds":8,"minecraft:stone_axe":1,"minecraft:spruce_pressure_plate":1,"minecraft:charcoal":14,"minecraft:spruce_slab":6,"minecraft:stick":60,"minecraft:iron_ingot":9,"minecraft:stone_pickaxe":10,"minecraft:stone_sword":1,"minecraft:chest":1,"minecraft:spruce_boat":4,"minecraft:torch":56,"minecraft:stone_hoe":1},"minecraft:killed":{"minecraft:creeper":1,"minecraft:zombie":2}},"DataVersion":3953}