{"stats":{"minecraft:killed_by":{"minecraft:zombie":1},"minecraft:dropped":{"minecraft:baked_potato":2,"minecraft:raw_copper":2,"minecraft:cobblestone":125,"minecraft:carrot":2,"minecraft:flint_and_steel":2,"minecraft:filled_map":1,"minecraft:spruce_pressure_plate":1,"minecraft:andesite":14,"minecraft:wooden_pickaxe":2},"minecraft:broken":{"minecraft:stone_pickaxe":8},"minecraft:used":{"minecraft:water_bucket":6,"minecraft:spruce_slab":7,"minecraft:stone_pickaxe":1101,"minecraft:baked_potato":14,"minecraft:wooden_pickaxe":9,"minecraft:stone_hoe":9,"minecraft:torch":24,"minecraft:dirt":20,"minecraft:crafting_table":12,"minecraft:carrot":4,"minecraft:white_bed":8,"minecraft:granite":16,"minecraft:spruce_boat":5,"minecraft:lantern":1,"minecraft:spruce_pressure_plate":1,"minecraft:stone_axe":82,"minecraft:cobblestone":62,"minecraft:bucket":5,"minecraft:potato":20,"minecraft:golden_axe":2},"minecraft:mined":{"minecraft:white_bed":8,"minecraft:granite":28,"minecraft:grass_block":2,"minecraft:cobblestone":5,"minecraft:copper_ore":20,"minecraft:spruce_leaves":36,"minecraft:diorite":9,"minecraft:wall_torch":1,"minecraft:carrots":2,"minecraft:ice":657,"minecraft:spruce_log":38,"minecraft:andesite":15,"minecraft:pumpkin":2,"minecraft:oak_log":6,"minecraft:potatoes":10,"minecraft:coal_ore":21,"minecraft:dirt_path":2,"minecraft:spruce_pressure_plate":1,"minecraft:dirt":16,"minecraft:sand":3,"minecraft:stone":326,"minecraft:oak_leaves":2,"minecraft:spruce_slab":4,"minecraft:deepslate":29},"minecraft:custom":{"minecraft:interact_with_furnace":19,"minecraft:mob_kills":2,"minecraft:interact_with_crafting_table":17,"minecraft:leave_game":9,"minecraft:time_since_death":141980,"minecraft:sleep_in_bed":14,"minecraft:time_since_rest":11531,"minecraft:sprint_one_cm":154936,"minecraft:damage_taken":649,"minecraft:walk_one_cm":390818,"minecraft:drop":14,"minecraft:damage_dealt":460,"minecraft:swim_one_cm":33384,"minecraft:fly_one_cm":149982,"minecraft:open_chest":6,"minecraft:play_time":146825,"minecraft:deaths":1,"minecraft:sneak_time":341,"minecraft:walk_under_water_one_cm":24669,"minecraft:boat_one_cm":257499,"minecraft:jump":1289,"minecraft:walk_on_water_one_cm":28300,"minecraft:total_world_time":146825,"minecraft:fall_one_cm":12912},"minecraft:picked_up":{"minecraft:water_bucket":1,"minecraft:andesite":14,"minecraft:wooden_pickaxe":1,"minecraft:potato":36,"minecraft:oak_log":6,"minecraft:dirt":20,"minecraft:lantern":1,"minecraft:raw_copper":66,"minecraft:flint_and_steel":1,"minecraft:kelp":26,"minecraft:cobbled_deepslate":24,"minecraft:spruce_slab":7,"minecraft:sugar_cane":2,"minecraft:spruce_pressure_plate":1,"minecraft:pumpkin":2,"minecraft:torch":4,"minecraft:sand":1,"minecraft:carrot":6,"minecraft:spruce_sapling":4,"minecraft:diorite":9,"minecraft:white_bed":8,"minecraft:spruce_log":38,"minecraft:rotten_flesh":4,"minecraft:spruce_boat":3,"minecraft:granite":26,"minecraft:coal":20,"minecraft:cobblestone":312},"minecraft:crafted":{"minecraft:oak_planks":24,"minecraft:crafting_table":12,"minecraft:spruce_planks":120,"minecraft:wooden_pickaxe":1,"minecraft:baked_potato":16,"minecraft:stone_axe":1,"minecraft:spruce_pressure_plate":1,"minecraft:charcoal":8,"minecraft:spruce_slab":6,"minecraft:stick":60,"minecraft:stone_pickaxe":9,"minecraft:stone_sword":1,"minecraft:spruce_boat":4,"minecraft:torch":36,"minecraft:stone_hoe":1},"minecraft:killed":{"minecraft:zombie":2}},"DataVersion":3953}