{"stats":{"minecraft:killed_by":{"minecraft:zombie":1},"minecraft:dropped":{"minecraft:wooden_pickaxe":2},"minecraft:crafted":{"minecraft:charcoal":8,"minecraft:crafting_table":3,"minecraft:stick":20,"minecraft:spruce_planks":100,"minecraft:wooden_pickaxe":1,"minecraft:baked_potato":8,"minecraft:stone_pickaxe":4,"minecraft:stone_sword":1,"minecraft:torch":16,"minecraft:stone_axe":1},"minecraft:used":{"minecraft:stone_pickaxe":426,"minecraft:baked_potato":5,"minecraft:wooden_pickaxe":9,"minecraft:stone_axe":66,"minecraft:torch":12,"minecraft:dirt":9,"minecraft:crafting_table":3,"minecraft:carrot":1,"minecraft:potato":13},"minecraft:picked_up":{"minecraft:pumpkin":2,"minecraft:andesite":14,"minecraft:torch":1,"minecraft:wooden_pickaxe":1,"minecraft:potato":29,"minecraft:white_bed":1,"minecraft:spruce_sapling":4,"minecraft:diorite":9,"minecraft:spruce_log":33,"minecraft:carrot":6,"minecraft:dirt":19,"minecraft:raw_copper":66,"minecraft:rotten_flesh":4,"minecraft:cobbled_deepslate":24,"minecraft:granite":16,"minecraft:coal":17,"minecraft:cobblestone":307},"minecraft:custom":{"minecraft:time_since_rest":10962,"minecraft:interact_with_furnace":12,"minecraft:sprint_one_cm":55541,"minecraft:damage_taken":439,"minecraft:walk_one_cm":166887,"minecraft:mob_kills":2,"minecraft:drop":2,"minecraft:damage_dealt":420,"minecraft:swim_one_cm":175,"minecraft:interact_with_crafting_table":5,"minecraft:fly_one_cm":58153,"minecraft:play_time":52505,"minecraft:deaths":1,"minecraft:walk_under_water_one_cm":3812,"minecraft:jump":726,"minecraft:walk_on_water_one_cm":7326,"minecraft:leave_game":8,"minecraft:time_since_death":47660,"minecraft:sleep_in_bed":5,"minecraft:total_world_time":52505,"minecraft:fall_one_cm":5399},"minecraft:killed":{"minecraft:zombie":2},"minecraft:broken":{"minecraft:stone_pickaxe":3},"minecraft:mined":{"minecraft:white_bed":1,"minecraft:carrots":2,"minecraft:andesite":15,"minecraft:spruce_log":33,"minecraft:pumpkin":2,"minecraft:granite":16,"minecraft:coal_ore":19,"minecraft:grass_block":2,"minecraft:potatoes":10,"minecraft:dirt_path":2,"minecraft:dirt":15,"minecraft:copper_ore":20,"minecraft:spruce_leaves":33,"minecraft:stone":326,"minecraft:diorite":9,"minecraft:deepslate":29,"minecraft:wall_torch":1}},"DataVersion":3953}