{"stats":{"minecraft:broken":{"minecraft:stone_pickaxe":8},"minecraft:dropped":{"minecraft:stone_hoe":1,"minecraft:baked_potato":11,"minecraft:cobblestone":125,"minecraft:spruce_sapling":1,"minecraft:gold_ingot":18,"minecraft:stone_axe":1,"minecraft:raw_copper":2,"minecraft:rotten_flesh":2,"minecraft:oak_planks":1,"minecraft:pumpkin_seeds":1,"minecraft:carrot":5,"minecraft:flint_and_steel":2,"minecraft:filled_map":1,"minecraft:potato":8,"minecraft:andesite":14,"minecraft:spruce_pressure_plate":1,"minecraft:spruce_slab":24,"minecraft:wooden_pickaxe":2},"minecraft:custom":{"minecraft:mob_kills":5,"minecraft:animals_bred":1,"minecraft:interact_with_crafting_table":34,"minecraft:leave_game":19,"minecraft:time_since_death":12261,"minecraft:sprint_one_cm":543345,"minecraft:walk_one_cm":1363553,"minecraft:drop":46,"minecraft:talked_to_villager":2,"minecraft:play_time":329777,"minecraft:deaths":3,"minecraft:sneak_time":613,"minecraft:walk_under_water_one_cm":34729,"minecraft:boat_one_cm":365423,"minecraft:jump":3861,"minecraft:interact_with_blast_furnace":1,"minecraft:walk_on_water_one_cm":37686,"minecraft:total_world_time":329777,"minecraft:interact_with_furnace":40,"minecraft:sleep_in_bed":28,"minecraft:time_since_rest":12532,"minecraft:damage_taken":2218,"minecraft:damage_dealt":1185,"minecraft:swim_one_cm":33384,"minecraft:fly_one_cm":684835,"minecraft:open_chest":19,"minecraft:crouch_one_cm":20,"minecraft:fall_one_cm":62949},"minecraft:used":{"minecraft:beetroot":1,"minecraft:oak_fence":6,"minecraft:spruce_slab":10,"minecraft:poppy":1,"minecraft:chest":2,"minecraft:stone_hoe":125,"minecraft:torch":84,"minecraft:dirt":65,"minecraft:spruce_stairs":2,"minecraft:carrot":50,"minecraft:spruce_fence":30,"minecraft:granite":19,"minecraft:snowball":2,"minecraft:oak_fence_gate":1,"minecraft:stripped_spruce_log":2,"minecraft:spruce_boat":6,"minecraft:lantern":1,"minecraft:sweet_berries":17,"minecraft:beetroot_seeds":7,"minecraft:potato":79,"minecraft:golden_axe":20,"minecraft:wheat_seeds":31,"minecraft:water_bucket":29,"minecraft:stone_pickaxe":1189,"minecraft:baked_potato":36,"minecraft:oak_planks":2,"minecraft:wooden_pickaxe":9,"minecraft:spruce_fence_gate":1,"minecraft:crafting_table":15,"minecraft:white_bed":12,"minecraft:spruce_log":13,"minecraft:pumpkin_seeds":7,"minecraft:bread":2,"minecraft:spruce_pressure_plate":1,"minecraft:spruce_sapling":7,"minecraft:stone_axe":186,"minecraft:cobblestone":112,"minecraft:bucket":28,"minecraft:bone_meal":22},"minecraft:picked_up":{"minecraft:wheat":10,"minecraft:wooden_pickaxe":1,"minecraft:shield":1,"minecraft:raw_copper":73,"minecraft:flint_and_steel":1,"minecraft:iron_leggings":1,"minecraft:beetroot":1,"minecraft:cobbled_deepslate":24,"minecraft:poppy":1,"minecraft:spruce_slab":28,"minecraft:sugar_cane":3,"minecraft:spruce_pressure_plate":1,"minecraft:stick":2,"minecraft:torch":14,"minecraft:spruce_stairs":2,"minecraft:spruce_fence":2,"minecraft:diorite":9,"minecraft:carrot":96,"minecraft:arrow":2,"minecraft:rotten_flesh":8,"minecraft:beetroot_seeds":22,"minecraft:gold_ingot":18,"minecraft:snowball":2,"minecraft:cobblestone":361,"minecraft:water_bucket":1,"minecraft:andesite":14,"minecraft:potato":178,"minecraft:oak_log":6,"minecraft:dirt":65,"minecraft:lantern":1,"minecraft:bone":9,"minecraft:kelp":26,"minecraft:wheat_seeds":37,"minecraft:rabbit_hide":1,"minecraft:stone_hoe":1,"minecraft:oak_planks":1,"minecraft:pumpkin":2,"minecraft:sweet_berries":26,"minecraft:sand":1,"minecraft:stripped_spruce_log":2,"minecraft:spruce_sapling":15,"minecraft:spruce_log":101,"minecraft:white_bed":13,"minecraft:spruce_boat":3,"minecraft:granite":27,"minecraft:coal":40},"minecraft:crafted":{"minecraft:oak_planks":24,"minecraft:bone_meal":27,"minecraft:spruce_fence":36,"minecraft:spruce_pressure_plate":1,"minecraft:spruce_slab":6,"minecraft:stone_pickaxe":10,"minecraft:chest":2,"minecraft:spruce_boat":4,"minecraft:stone_hoe":1,"minecraft:oak_fence":6,"minecraft:crafting_table":15,"minecraft:spruce_planks":196,"minecraft:wooden_pickaxe":1,"minecraft:baked_potato":61,"minecraft:pumpkin_seeds":8,"minecraft:stone_axe":3,"minecraft:bread":2,"minecraft:oak_fence_gate":1,"minecraft:charcoal":14,"minecraft:stick":96,"minecraft:iron_ingot":10,"minecraft:stone_sword":2,"minecraft:spruce_fence_gate":1,"minecraft:torch":104},"minecraft:killed":{"minecraft:spider":1,"minecraft:rabbit":1,"minecraft:creeper":1,"minecraft:zombie":2},"minecraft:mined":{"minecraft:white_bed":11,"minecraft:farmland":7,"minecraft:granite":29,"minecraft:spruce_fence":2,"minecraft:grass_block":42,"minecraft:spruce_leaves":94,"minecraft:carrots":30,"minecraft:andesite":15,"minecraft:pumpkin":2,"minecraft:potatoes":54,"minecraft:dirt_path":2,"minecraft:spruce_pressure_plate":1,"minecraft:stone":367,"minecraft:spruce_slab":7,"minecraft:torch":7,"minecraft:short_grass":66,"minecraft:copper_ore":22,"minecraft:cobblestone":13,"minecraft:oak_planks":1,"minecraft:diorite":9,"minecraft:wall_torch":2,"minecraft:spruce_stairs":2,"minecraft:wheat":16,"minecraft:sweet_berry_bush":1,"minecraft:ice":670,"minecraft:spruce_log":100,"minecraft:coal_ore":42,"minecraft:oak_log":6,"minecraft:beetroots":1,"minecraft:dirt":28,"minecraft:sand":3,"minecraft:oak_leaves":2,"minecraft:deepslate":29},"minecraft:killed_by":{"minecraft:creeper":1,"minecraft:skeleton":1,"minecraft:zombie":1}},"DataVersion":3953}