{"stats":{"minecraft:killed_by":{"minecraft:zombie":1},"minecraft:dropped":{"minecraft:baked_potato":2,"minecraft:raw_copper":2,"minecraft:cobblestone":125,"minecraft:carrot":2,"minecraft:flint_and_steel":2,"minecraft:filled_map":1,"minecraft:spruce_pressure_plate":1,"minecraft:andesite":14,"minecraft:wooden_pickaxe":2},"minecraft:broken":{"minecraft:stone_pickaxe":7},"minecraft:used":{"minecraft:spruce_slab":7,"minecraft:stone_pickaxe":994,"minecraft:baked_potato":14,"minecraft:wooden_pickaxe":9,"minecraft:torch":19,"minecraft:dirt":19,"minecraft:crafting_table":10,"minecraft:carrot":1,"minecraft:white_bed":6,"minecraft:granite":16,"minecraft:spruce_boat":5,"minecraft:spruce_pressure_plate":1,"minecraft:stone_axe":82,"minecraft:cobblestone":6,"minecraft:potato":13,"minecraft:golden_axe":2},"minecraft:mined":{"minecraft:white_bed":7,"minecraft:granite":28,"minecraft:grass_block":2,"minecraft:cobblestone":5,"minecraft:copper_ore":20,"minecraft:spruce_leaves":36,"minecraft:diorite":9,"minecraft:wall_torch":1,"minecraft:carrots":2,"minecraft:ice":550,"minecraft:spruce_log":38,"minecraft:andesite":15,"minecraft:pumpkin":2,"minecraft:oak_log":6,"minecraft:potatoes":10,"minecraft:coal_ore":21,"minecraft:dirt_path":2,"minecraft:spruce_pressure_plate":1,"minecraft:dirt":15,"minecraft:sand":3,"minecraft:stone":326,"minecraft:oak_leaves":2,"minecraft:spruce_slab":4,"minecraft:deepslate":29},"minecraft:custom":{"minecraft:interact_with_furnace":18,"minecraft:mob_kills":2,"minecraft:interact_with_crafting_table":14,"minecraft:leave_game":9,"minecraft:time_since_death":129980,"minecraft:sleep_in_bed":13,"minecraft:time_since_rest":12523,"minecraft:sprint_one_cm":149692,"minecraft:damage_taken":649,"minecraft:walk_one_cm":363173,"minecraft:drop":14,"minecraft:damage_dealt":460,"minecraft:swim_one_cm":33384,"minecraft:fly_one_cm":147838,"minecraft:open_chest":6,"minecraft:play_time":134825,"minecraft:deaths":1,"minecraft:sneak_time":341,"minecraft:walk_under_water_one_cm":24450,"minecraft:boat_one_cm":251974,"minecraft:jump":1252,"minecraft:walk_on_water_one_cm":28001,"minecraft:total_world_time":134825,"minecraft:fall_one_cm":12912},"minecraft:picked_up":{"minecraft:andesite":14,"minecraft:wooden_pickaxe":1,"minecraft:potato":36,"minecraft:oak_log":6,"minecraft:dirt":19,"minecraft:raw_copper":66,"minecraft:flint_and_steel":1,"minecraft:kelp":26,"minecraft:cobbled_deepslate":24,"minecraft:spruce_slab":7,"minecraft:sugar_cane":2,"minecraft:spruce_pressure_plate":1,"minecraft:pumpkin":2,"minecraft:torch":4,"minecraft:sand":1,"minecraft:carrot":6,"minecraft:spruce_sapling":4,"minecraft:diorite":9,"minecraft:white_bed":7,"minecraft:spruce_log":38,"minecraft:rotten_flesh":4,"minecraft:spruce_boat":3,"minecraft:granite":26,"minecraft:coal":20,"minecraft:cobblestone":312},"minecraft:crafted":{"minecraft:crafting_table":10,"minecraft:spruce_planks":120,"minecraft:wooden_pickaxe":1,"minecraft:baked_potato":16,"minecraft:stone_axe":1,"minecraft:spruce_pressure_plate":1,"minecraft:charcoal":8,"minecraft:spruce_slab":6,"minecraft:stick":60,"minecraft:stone_pickaxe":8,"minecraft:stone_sword":1,"minecraft:spruce_boat":4,"minecraft:torch":16},"minecraft:killed":{"minecraft:zombie":2}},"DataVersion":3953}