{"stats":{"minecraft:killed_by":{"minecraft:zombie":1},"minecraft:dropped":{"minecraft:baked_potato":2,"minecraft:raw_copper":2,"minecraft:cobblestone":125,"minecraft:carrot":5,"minecraft:flint_and_steel":2,"minecraft:filled_map":1,"minecraft:andesite":14,"minecraft:spruce_pressure_plate":1,"minecraft:wooden_pickaxe":2},"minecraft:broken":{"minecraft:stone_pickaxe":8},"minecraft:used":{"minecraft:water_bucket":20,"minecraft:stone_pickaxe":1103,"minecraft:spruce_slab":7,"minecraft:baked_potato":15,"minecraft:oak_planks":1,"minecraft:wooden_pickaxe":9,"minecraft:stone_hoe":95,"minecraft:torch":46,"minecraft:dirt":20,"minecraft:crafting_table":13,"minecraft:carrot":11,"minecraft:white_bed":8,"minecraft:granite":16,"minecraft:stripped_spruce_log":2,"minecraft:spruce_boat":5,"minecraft:lantern":1,"minecraft:spruce_pressure_plate":1,"minecraft:spruce_sapling":4,"minecraft:stone_axe":118,"minecraft:cobblestone":70,"minecraft:beetroot_seeds":6,"minecraft:bucket":19,"minecraft:potato":27,"minecraft:golden_axe":16},"minecraft:mined":{"minecraft:white_bed":8,"minecraft:granite":28,"minecraft:grass_block":22,"minecraft:copper_ore":20,"minecraft:cobblestone":5,"minecraft:spruce_leaves":69,"minecraft:diorite":9,"minecraft:wall_torch":1,"minecraft:carrots":6,"minecraft:ice":659,"minecraft:spruce_log":63,"minecraft:andesite":15,"minecraft:pumpkin":2,"minecraft:oak_log":6,"minecraft:potatoes":13,"minecraft:coal_ore":21,"minecraft:dirt_path":2,"minecraft:spruce_pressure_plate":1,"minecraft:dirt":16,"minecraft:sand":3,"minecraft:stone":326,"minecraft:oak_leaves":2,"minecraft:spruce_slab":4,"minecraft:deepslate":29},"minecraft:custom":{"minecraft:interact_with_furnace":22,"minecraft:mob_kills":2,"minecraft:interact_with_crafting_table":18,"minecraft:leave_game":11,"minecraft:time_since_death":165385,"minecraft:sleep_in_bed":16,"minecraft:time_since_rest":8435,"minecraft:sprint_one_cm":189280,"minecraft:damage_taken":719,"minecraft:walk_one_cm":526670,"minecraft:drop":17,"minecraft:damage_dealt":460,"minecraft:swim_one_cm":33384,"minecraft:talked_to_villager":1,"minecraft:fly_one_cm":201135,"minecraft:open_chest":6,"minecraft:play_time":170230,"minecraft:deaths":1,"minecraft:sneak_time":341,"minecraft:walk_under_water_one_cm":24771,"minecraft:boat_one_cm":257499,"minecraft:jump":1519,"minecraft:walk_on_water_one_cm":28477,"minecraft:total_world_time":170230,"minecraft:fall_one_cm":16449},"minecraft:picked_up":{"minecraft:water_bucket":1,"minecraft:andesite":14,"minecraft:wooden_pickaxe":1,"minecraft:potato":44,"minecraft:oak_log":6,"minecraft:dirt":40,"minecraft:lantern":1,"minecraft:raw_copper":66,"minecraft:flint_and_steel":1,"minecraft:kelp":26,"minecraft:cobbled_deepslate":24,"minecraft:spruce_slab":7,"minecraft:sugar_cane":2,"minecraft:spruce_pressure_plate":1,"minecraft:stick":1,"minecraft:pumpkin":2,"minecraft:torch":4,"minecraft:sand":1,"minecraft:carrot":16,"minecraft:diorite":9,"minecraft:stripped_spruce_log":2,"minecraft:spruce_sapling":7,"minecraft:white_bed":8,"minecraft:spruce_log":63,"minecraft:rotten_flesh":4,"minecraft:spruce_boat":3,"minecraft:beetroot_seeds":19,"minecraft:granite":26,"minecraft:coal":20,"minecraft:cobblestone":312},"minecraft:crafted":{"minecraft:oak_planks":24,"minecraft:crafting_table":13,"minecraft:spruce_planks":120,"minecraft:wooden_pickaxe":1,"minecraft:baked_potato":17,"minecraft:stone_axe":1,"minecraft:spruce_pressure_plate":1,"minecraft:charcoal":14,"minecraft:stick":60,"minecraft:spruce_slab":6,"minecraft:stone_pickaxe":9,"minecraft:stone_sword":1,"minecraft:spruce_boat":4,"minecraft:torch":56,"minecraft:stone_hoe":1},"minecraft:killed":{"minecraft:zombie":2}},"DataVersion":3953}