{"stats":{"minecraft:killed_by":{"minecraft:zombie":1},"minecraft:dropped":{"minecraft:baked_potato":2,"minecraft:raw_copper":2,"minecraft:cobblestone":125,"minecraft:carrot":2,"minecraft:flint_and_steel":2,"minecraft:filled_map":1,"minecraft:andesite":14,"minecraft:wooden_pickaxe":2},"minecraft:crafted":{"minecraft:crafting_table":4,"minecraft:spruce_planks":100,"minecraft:wooden_pickaxe":1,"minecraft:baked_potato":16,"minecraft:stone_axe":1,"minecraft:charcoal":8,"minecraft:stick":60,"minecraft:stone_pickaxe":4,"minecraft:stone_sword":1,"minecraft:spruce_boat":1,"minecraft:torch":16},"minecraft:used":{"minecraft:stone_pickaxe":428,"minecraft:baked_potato":12,"minecraft:wooden_pickaxe":9,"minecraft:torch":17,"minecraft:dirt":19,"minecraft:crafting_table":4,"minecraft:carrot":1,"minecraft:white_bed":4,"minecraft:granite":16,"minecraft:spruce_boat":3,"minecraft:stone_axe":82,"minecraft:cobblestone":5,"minecraft:potato":13},"minecraft:picked_up":{"minecraft:andesite":14,"minecraft:wooden_pickaxe":1,"minecraft:potato":36,"minecraft:oak_log":6,"minecraft:dirt":19,"minecraft:raw_copper":66,"minecraft:flint_and_steel":1,"minecraft:kelp":26,"minecraft:cobbled_deepslate":24,"minecraft:sugar_cane":2,"minecraft:pumpkin":2,"minecraft:torch":1,"minecraft:sand":1,"minecraft:carrot":6,"minecraft:spruce_sapling":4,"minecraft:diorite":9,"minecraft:white_bed":5,"minecraft:spruce_log":38,"minecraft:rotten_flesh":4,"minecraft:spruce_boat":2,"minecraft:granite":16,"minecraft:coal":20,"minecraft:cobblestone":307},"minecraft:custom":{"minecraft:interact_with_furnace":18,"minecraft:mob_kills":2,"minecraft:interact_with_crafting_table":6,"minecraft:leave_game":9,"minecraft:time_since_death":92516,"minecraft:sleep_in_bed":10,"minecraft:time_since_rest":1688,"minecraft:sprint_one_cm":106037,"minecraft:damage_taken":649,"minecraft:walk_one_cm":310757,"minecraft:drop":13,"minecraft:damage_dealt":450,"minecraft:swim_one_cm":33384,"minecraft:fly_one_cm":121453,"minecraft:open_chest":4,"minecraft:play_time":97361,"minecraft:deaths":1,"minecraft:sneak_time":148,"minecraft:walk_under_water_one_cm":24137,"minecraft:boat_one_cm":182361,"minecraft:jump":1158,"minecraft:walk_on_water_one_cm":20473,"minecraft:total_world_time":97361,"minecraft:fall_one_cm":12076},"minecraft:killed":{"minecraft:zombie":2},"minecraft:broken":{"minecraft:stone_pickaxe":3},"minecraft:mined":{"minecraft:white_bed":5,"minecraft:granite":16,"minecraft:grass_block":2,"minecraft:copper_ore":20,"minecraft:spruce_leaves":36,"minecraft:diorite":9,"minecraft:wall_torch":1,"minecraft:carrots":2,"minecraft:spruce_log":38,"minecraft:andesite":15,"minecraft:pumpkin":2,"minecraft:potatoes":10,"minecraft:coal_ore":21,"minecraft:oak_log":6,"minecraft:dirt_path":2,"minecraft:dirt":15,"minecraft:sand":3,"minecraft:stone":326,"minecraft:oak_leaves":2,"minecraft:deepslate":29}},"DataVersion":3953}